customer_id,home_store,customer_name,customer_email,customer_since,loyalty_card_number,birthdate,gender,birth_year
1,3,Kelly Key,Venus@adipiscing.edu,1/4/2017,908-424-2890,5/29/1950,M,1950
2,3,Clark Schroeder,Nora@fames.gov,1/7/2017,032-732-6308,7/30/1950,M,1950
3,3,Elvis Cardenas,Brianna@tellus.edu,1/10/2017,459-375-9187,9/30/1950,M,1950
4,3,Rafael Estes,Ina@non.gov,1/13/2017,576-640-9226,12/1/1950,M,1950
5,3,Colin Lynn,Dale@Integer.com,1/15/2017,344-674-6569,2/1/1951,M,1951
6,3,Igor Beach,Caleb@morbi.net,1/18/2017,114-126-1992,4/4/1951,M,1951
7,3,Scott Holden,Yen@Integer.edu,1/21/2017,384-074-3606,6/5/1951,M,1951
8,3,Keegan Ayala,Tana@sociis.com,1/24/2017,257-308-7675,8/7/1951,M,1951
9,3,Amir Byers,Madeson@malesuada.us,1/26/2017,931-925-0273,10/8/1951,M,1951
10,3,Magee Malone,Anjolie@sapien.gov,1/29/2017,359-150-6747,12/9/1951,M,1951
11,3,Dolan Petty,Kim@convallis.edu,2/1/2017,547-881-4488,2/9/1952,M,1952
12,3,Wang Hebert,Hollee@lorem.net,2/4/2017,605-014-6218,4/11/1952,M,1952
13,3,Wayne David,Slade@sapien.edu,2/6/2017,430-935-8698,6/12/1952,M,1952
14,3,Colin Fernandez,Thaddeus@non.com,2/9/2017,703-178-5883,8/13/1952,M,1952
15,3,Holmes Blankenship,Marvin@accumsan.us,2/12/2017,959-439-4036,10/15/1952,M,1952
16,3,Ali French,Uriah@magnis.org,2/15/2017,169-057-5893,12/16/1952,M,1952
17,3,Josiah Burton,Sacha@Nullam.edu,2/17/2017,373-811-5424,2/16/1953,M,1953
18,3,Drew Skinner,Rashad@faucibus.net,2/20/2017,981-655-9539,4/19/1953,M,1953
19,3,Henry Wilcox,Dexter@nisl.gov,2/23/2017,833-172-4578,6/20/1953,M,1953
20,3,Nathan Riggs,Iris@aptent.com,2/26/2017,639-354-7929,8/21/1953,M,1953
21,3,Mufutau Rosa,Haviva@inceptos.gov,2/28/2017,097-053-2704,10/22/1953,M,1953
22,3,Channing Larson,Marny@dis.edu,3/3/2017,238-527-1012,12/23/1953,M,1953
23,3,Raphael Watkins,Libby@libero.com,3/6/2017,865-048-2894,2/24/1954,M,1954
24,3,Avram Cooper,Sandra@adipiscing.org,3/9/2017,411-854-0502,4/27/1954,M,1954
25,3,Drake Valentine,Lewis@eget.edu,3/11/2017,160-817-8375,6/28/1954,M,1954
26,3,Samuel Gallagher,Paloma@ornare.org,3/14/2017,237-244-8752,8/29/1954,M,1954
27,3,Adrian Carlson,Orlando@mattis.org,3/17/2017,975-791-8098,10/30/1954,M,1954
28,3,Harding Jarvis,Cathleen@molestie.org,3/20/2017,423-612-1809,12/31/1954,M,1954
29,3,Jackson Buckley,Phelan@nec.us,3/22/2017,957-710-5308,3/3/1955,M,1955
30,3,Wing Bush,Lee@eget.us,3/25/2017,507-966-0978,5/5/1955,M,1955
31,3,Hedley Dorsey,Paki@amet.us,3/28/2017,295-623-3357,7/6/1955,M,1955
32,3,Griffith Lindsay,Magee@ultricies.gov,3/31/2017,769-005-9211,9/6/1955,M,1955
33,3,Mason Stout,Dennis@vestibulum.us,4/2/2017,030-445-7648,11/7/1955,M,1955
34,3,Murphy Mckee,Hunter@Ut.edu,4/5/2017,264-090-3648,1/8/1956,M,1956
35,3,Colton Ford,Amena@vestibulum.org,4/8/2017,671-939-9911,3/10/1956,M,1956
36,3,Beck Pearson,Leila@penatibus.com,4/11/2017,845-486-0693,5/11/1956,M,1956
37,3,Noble Christensen,Nolan@varius.edu,4/13/2017,758-964-2500,7/12/1956,M,1956
38,3,Xanthus Puckett,Kylynn@aliquam.gov,4/16/2017,436-942-8673,9/13/1956,M,1956
39,3,Hakeem Bowers,Caldwell@placerat.net,4/19/2017,913-873-5817,11/14/1956,M,1956
40,3,Lucas Copeland,Emi@venenatis.edu,4/22/2017,180-267-4872,1/15/1957,M,1957
41,3,Harrison Cash,Uriel@imperdiet.us,4/25/2017,094-153-0253,3/18/1957,M,1957
42,3,Todd Mckay,Colin@Sed.edu,4/27/2017,679-008-0050,5/19/1957,M,1957
43,3,Caldwell Rosales,Julie@nulla.edu,4/30/2017,357-852-2866,7/20/1957,M,1957
44,3,Ciaran Owens,Samantha@taciti.edu,5/3/2017,979-597-2939,9/20/1957,M,1957
45,3,Harper Figueroa,Tashya@arcu.us,5/6/2017,203-603-4571,11/22/1957,M,1957
46,3,Zephania Yates,Duncan@et.net,5/8/2017,029-550-1237,1/23/1958,M,1958
47,3,Caleb Miranda,John@a.org,5/11/2017,807-423-0633,3/26/1958,M,1958
48,3,Simon Armstrong,Bertha@fringilla.com,5/14/2017,654-978-8530,5/27/1958,M,1958
49,3,Dale Holmes,Alfonso@lacus.com,5/17/2017,424-044-2556,7/28/1958,M,1958
50,3,Elton Lester,Colt@nunc.org,5/19/2017,017-112-7662,9/28/1958,M,1958
51,3,Valentine Joseph,Reese@dictum.edu,5/22/2017,805-407-8672,11/29/1958,M,1958
52,3,Drake Ochoa,Melinda@fermentum.gov,5/25/2017,710-304-2797,1/30/1959,M,1959
53,3,Robert Salas,Janna@convallis.edu,5/28/2017,787-654-2964,4/3/1959,M,1959
54,3,Ferris Kidd,Lysandra@adipiscing.gov,5/30/2017,383-139-9577,6/4/1959,M,1959
55,3,Justin Hart,Brynn@pede.org,6/2/2017,119-751-3976,8/5/1959,M,1959
56,3,Reed Holman,Karen@sociis.net,6/5/2017,199-920-1769,10/6/1959,M,1959
57,3,Kuame Cantu,Hedy@lacinia.edu,6/8/2017,256-419-8919,12/7/1959,M,1959
58,3,Adrian Carson,Stacy@tempus.net,6/10/2017,703-777-1632,2/7/1960,M,1960
59,3,Peter Hernandez,Georgia@Nulla.com,6/13/2017,983-004-2955,4/9/1960,M,1960
60,3,Raymond Forbes,Phelan@sed.edu,6/16/2017,524-730-2862,6/11/1960,M,1960
61,3,Tate Solis,Davis@fermentum.us,6/19/2017,752-217-2232,8/12/1960,M,1960
62,3,Valentine Butler,Brady@tellus.net,6/21/2017,703-338-1357,10/13/1960,M,1960
63,3,Lamar Chen,Preston@penatibus.edu,6/24/2017,403-049-6981,12/14/1960,M,1960
64,3,Macon Rush,Adrienne@Cras.org,6/27/2017,104-937-1984,2/14/1961,M,1961
65,3,Luke Beasley,Mufutau@elit.gov,6/30/2017,310-387-3534,4/17/1961,M,1961
66,3,Armando Faulkner,Amal@sociis.com,7/2/2017,309-219-0012,6/18/1961,M,1961
67,3,Barclay Clarke,Conan@ullamcorper.net,7/5/2017,511-786-9310,8/19/1961,M,1961
68,3,Tanek Craig,Rebekah@ullamcorper.gov,7/8/2017,399-348-1631,10/21/1961,M,1961
69,3,Caesar Estes,Chantale@massa.com,7/11/2017,463-990-0451,12/22/1961,M,1961
70,3,Ivor Levine,Irma@eleifend.us,7/13/2017,489-527-6220,2/22/1962,M,1962
71,3,Hall Patel,Denise@primis.org,7/16/2017,217-626-4681,4/25/1962,M,1962
72,3,Axel Fields,Herrod@at.gov,7/19/2017,026-870-4410,6/26/1962,M,1962
73,3,Geoffrey Wright,Kaitlin@parturient.org,7/22/2017,609-652-9928,8/27/1962,M,1962
74,3,Conan Glenn,Melyssa@ipsum.org,7/24/2017,329-949-6399,10/28/1962,M,1962
75,3,Giacomo Luna,Elliott@eleifend.us,7/27/2017,979-165-4242,12/30/1962,M,1962
76,3,Bruce Blackwell,Ima@pretium.net,7/30/2017,572-526-5147,3/2/1963,M,1963
77,3,Cullen Romero,Duncan@aptent.gov,8/2/2017,527-724-8593,5/3/1963,M,1963
78,3,Kato Bentley,Cody@aliquam.org,8/5/2017,785-964-9335,7/4/1963,M,1963
79,3,Brandon Walter,Kevyn@accumsan.edu,8/7/2017,557-211-3460,9/4/1963,M,1963
80,3,Benjamin Mcguire,Vernon@Duis.gov,8/10/2017,913-670-1136,11/5/1963,M,1963
81,3,Donovan Russo,Neil@Donec.gov,8/13/2017,215-509-6514,1/6/1964,M,1964
82,3,Conan Meyers,Charissa@varius.gov,8/16/2017,227-846-2083,3/8/1964,M,1964
83,3,Cedric Duke,Adrienne@lorem.com,8/18/2017,443-645-8649,5/10/1964,M,1964
84,3,Kareem Sanchez,Kuame@erat.org,8/21/2017,828-727-5876,7/11/1964,M,1964
85,3,Kibo Mayo,Avye@vitae.edu,8/24/2017,948-903-4949,9/11/1964,M,1964
86,3,Jack Mcdowell,Athena@Sed.gov,8/27/2017,166-246-9158,11/12/1964,M,1964
87,3,Porter Green,Deirdre@at.com,8/29/2017,003-132-5247,1/13/1965,M,1965
88,3,Hedley Fitzpatrick,Daria@pulvinar.gov,9/1/2017,360-458-8120,3/16/1965,M,1965
89,3,Addison Barrera,Adrian@ut.org,9/4/2017,084-213-3936,5/17/1965,M,1965
90,3,Brendan Mitchell,Joy@sit.gov,9/7/2017,501-147-3326,7/19/1965,M,1965
91,3,Hu Daniel,Merrill@Vivamus.com,9/9/2017,702-544-9634,9/19/1965,M,1965
92,3,Christian Massey,Patience@facilisi.com,9/12/2017,867-249-6572,11/20/1965,M,1965
93,3,Ian Jimenez,Hamish@laoreet.net,9/15/2017,088-083-1467,1/21/1966,M,1966
94,3,Ignatius Fitzpatrick,Dexter@in.gov,9/18/2017,686-116-8366,3/24/1966,M,1966
95,3,Gabriel Vargas,Kessie@ipsum.net,9/20/2017,485-255-6636,5/25/1966,M,1966
96,3,Nigel Yates,Malik@Cras.edu,9/23/2017,134-226-3957,7/26/1966,M,1966
97,3,Jonah Kent,Jana@nunc.us,9/26/2017,034-272-9190,9/26/1966,M,1966
98,3,Duncan Arnold,Scarlet@at.com,9/29/2017,755-191-3372,11/28/1966,M,1966
99,3,Orlando Shields,Ivory@scelerisque.us,10/1/2017,747-164-4596,1/29/1967,M,1967
100,3,Boris Estrada,Rosalyn@Proin.com,10/4/2017,406-350-0623,4/1/1967,M,1967
101,3,Castor Savage,Donovan@eget.gov,10/7/2017,418-472-9496,6/2/1967,M,1967
102,3,Tyrone Armstrong,Hilda@malesuada.com,10/10/2017,404-721-1224,8/3/1967,M,1967
103,3,Rigel Dalton,Stewart@nonummy.edu,10/12/2017,222-268-5708,10/4/1967,M,1967
104,3,Oleg Mccray,Carson@inceptos.edu,10/15/2017,509-169-2093,12/5/1967,M,1967
105,3,Ulric Bradshaw,Lee@cursus.net,10/18/2017,731-688-7204,2/6/1968,M,1968
106,3,Scott Russell,Lacey@elementum.gov,10/21/2017,854-586-9765,4/8/1968,M,1968
107,3,Akeem Wiley,Nell@arcu.gov,10/23/2017,984-827-9560,6/9/1968,M,1968
108,3,Herrod Garrison,Baxter@sociosqu.org,10/26/2017,738-873-5744,8/10/1968,M,1968
109,3,Dennis Leblanc,Ruth@tortor.org,10/29/2017,390-916-4716,10/11/1968,M,1968
110,3,Keane Robinson,Dara@dignissim.com,11/1/2017,046-864-3591,12/12/1968,M,1968
111,3,Isaiah Stevenson,Clayton@In.net,11/3/2017,714-419-2937,2/12/1969,M,1969
112,3,Allistair Ramirez,Tatum@Cum.gov,11/6/2017,253-876-9471,4/15/1969,M,1969
113,3,Gannon Rowe,Cameron@nascetur.us,11/9/2017,962-226-5001,6/17/1969,M,1969
114,3,Aquila Strong,Lucian@Morbi.org,11/12/2017,423-516-7004,8/18/1969,M,1969
115,3,Gabriel Hansen,Declan@fames.net,11/15/2017,035-933-1503,10/19/1969,M,1969
116,3,Reese Gibson,Gay@ipsum.edu,11/17/2017,595-850-6008,12/20/1969,M,1969
117,3,Lewis Deleon,Conan@tristique.us,11/20/2017,998-351-2564,2/20/1970,M,1970
118,3,Alec Emerson,Aretha@nunc.us,11/23/2017,302-595-2714,4/23/1970,M,1970
119,3,Cullen Harrell,Madeline@libero.org,11/26/2017,977-062-4695,6/24/1970,M,1970
120,3,Emery Stokes,Vera@Cras.us,11/28/2017,878-098-9349,8/26/1970,M,1970
121,3,Anthony Santiago,Louis@lorem.gov,12/1/2017,419-037-6499,10/27/1970,M,1970
122,3,Jermaine Ray,Josephine@convallis.us,12/4/2017,987-333-9350,12/28/1970,M,1970
123,3,Guy Taylor,Nayda@gravida.us,12/7/2017,253-334-6796,2/28/1971,M,1971
124,3,Holmes Dorsey,Ivy@pellentesque.com,12/9/2017,118-893-0232,5/1/1971,M,1971
125,3,Alexander Miller,Omar@sociis.net,12/12/2017,482-661-3695,7/2/1971,M,1971
126,3,Mark Baldwin,Porter@amet.net,12/15/2017,866-602-6723,9/2/1971,M,1971
127,3,Stuart Nunez,Noah@adipiscing.gov,12/18/2017,796-362-1661,11/3/1971,M,1971
128,3,Bernard Callahan,Anthony@placerat.org,12/20/2017,061-805-1586,1/5/1972,M,1972
129,3,Travis Carr,Thane@ullamcorper.com,12/23/2017,939-640-0576,3/7/1972,M,1972
130,3,Dale Marquez,Armand@massa.net,12/26/2017,656-130-6731,5/8/1972,M,1972
131,3,Amal Dejesus,Blaze@leo.gov,12/29/2017,557-490-4280,7/9/1972,M,1972
132,3,Tate Albert,Piper@Cum.net,12/31/2017,174-527-6126,9/9/1972,M,1972
133,3,Zahir Webb,Jermaine@Lorem.us,1/3/2018,389-154-7436,11/10/1972,M,1972
134,3,Ian Duncan,Jack@dolor.us,1/6/2018,814-963-1003,1/11/1973,M,1973
135,3,Matthew Mcneil,Elaine@Aliquam.com,1/9/2018,942-295-9967,3/15/1973,M,1973
136,3,Neil Bonner,Preston@lorem.us,1/11/2018,026-221-2273,5/16/1973,M,1973
137,3,Phelan Wiggins,Sybil@nostra.com,1/14/2018,298-064-0679,7/17/1973,M,1973
138,3,Gary Padilla,Zachary@dis.gov,1/17/2018,135-645-6065,9/17/1973,M,1973
139,3,Beck Griffin,Isabelle@viverra.edu,1/20/2018,309-009-5095,11/18/1973,M,1973
140,3,Elijah Pate,Galena@non.net,1/22/2018,648-469-4108,1/19/1974,M,1974
141,3,Marsden Whitaker,Amery@nunc.gov,1/25/2018,204-712-4465,3/22/1974,M,1974
142,3,Davis Joyner,Skyler@in.us,1/28/2018,966-683-7594,5/23/1974,M,1974
143,3,Uriah Schroeder,Kimberly@odio.edu,1/31/2018,588-506-6627,7/25/1974,M,1974
144,3,Ulysses Mann,Kelly@dui.net,2/2/2018,307-778-5972,9/25/1974,M,1974
145,3,Hamish Cervantes,Reuben@venenatis.us,2/5/2018,799-691-7563,11/26/1974,M,1974
146,3,Steel Beach,Teagan@placerat.us,2/8/2018,116-496-8758,1/27/1975,M,1975
147,3,Armand Williams,Herman@est.edu,2/11/2018,124-779-6796,3/30/1975,M,1975
148,3,Clinton Savage,Nicholas@Cum.us,2/13/2018,251-378-4718,5/31/1975,M,1975
149,3,Axel Hewitt,Dane@arcu.net,2/16/2018,702-268-3132,8/1/1975,M,1975
150,3,Ira Carroll,Harding@amet.us,2/19/2018,096-896-0097,10/3/1975,M,1975
151,3,Jelani Mathis,Alice@sapien.org,2/22/2018,877-118-5180,12/4/1975,M,1975
152,3,Zahir Davenport,Oscar@faucibus.gov,2/25/2018,603-037-9156,2/4/1976,M,1976
153,3,Alexander Rodriguez,Eleanor@Etiam.edu,2/27/2018,786-497-8882,4/6/1976,M,1976
154,3,Edan Nichols,Serena@augue.us,3/2/2018,509-601-7552,6/7/1976,M,1976
155,3,Brian Morse,Burton@sociosqu.com,3/5/2018,761-315-9076,8/8/1976,M,1976
156,3,Nasim Bruce,Cynthia@sociis.gov,3/8/2018,619-077-9026,10/9/1976,M,1976
157,3,Sylvester Cantrell,Noel@eros.edu,3/10/2018,186-802-3084,12/10/1976,M,1976
158,3,Conan Wilcox,Hadley@dignissim.net,3/13/2018,764-665-3571,2/11/1977,M,1977
159,3,Drake Murray,Connor@Maecenas.edu,3/16/2018,409-577-9493,4/14/1977,M,1977
160,3,Gray Lawrence,Madison@consectetuer.us,3/19/2018,530-335-0840,6/15/1977,M,1977
161,3,Clark Kane,Nathaniel@hendrerit.us,3/21/2018,287-047-5955,8/16/1977,M,1977
162,3,Rajah Watts,Walter@massa.net,3/24/2018,180-896-6658,10/17/1977,M,1977
163,3,Aidan Fuentes,Zelenia@sapien.com,3/27/2018,323-186-2822,12/18/1977,M,1977
164,3,Baker Turner,Herrod@imperdiet.us,3/30/2018,597-478-4844,2/18/1978,M,1978
165,3,Gareth Espinoza,Xanthus@montes.org,4/1/2018,508-420-9403,4/22/1978,M,1978
166,3,Noah Mendez,Inga@scelerisque.com,4/4/2018,984-103-7033,6/23/1978,M,1978
167,3,Isaiah Gates,Dorothy@elementum.gov,4/7/2018,108-281-8968,8/24/1978,M,1978
168,3,Ulysses Joseph,Scott@netus.edu,4/10/2018,864-325-6937,10/25/1978,M,1978
169,3,Camden Lyons,Lucy@velit.org,4/12/2018,117-586-4413,12/26/1978,M,1978
170,3,Carl Guthrie,Ezekiel@vel.net,4/15/2018,815-297-6502,2/26/1979,M,1979
171,3,Warren Church,Warren@Curabitur.edu,4/18/2018,440-377-0128,4/29/1979,M,1979
172,3,Nigel Turner,Ashely@hendrerit.edu,4/21/2018,242-162-0843,6/30/1979,M,1979
173,3,Daquan Stephenson,Christian@semper.org,4/23/2018,445-631-4114,9/1/1979,M,1979
174,3,John Fitzpatrick,Brynn@gravida.gov,4/26/2018,764-982-2467,11/2/1979,M,1979
175,3,Lawrence Pittman,Janna@rutrum.us,4/29/2018,315-438-4013,1/3/1980,M,1980
176,3,Ignatius Garza,Cadman@risus.gov,5/2/2018,071-467-0974,3/5/1980,M,1980
177,3,Jack Small,Adele@massa.com,5/4/2018,723-027-5036,5/6/1980,M,1980
178,3,Carlos Webster,Evangeline@scelerisque.us,5/7/2018,772-491-9747,7/7/1980,M,1980
179,3,Ray Benton,Brenda@blandit.org,5/10/2018,136-213-5544,9/7/1980,M,1980
180,3,Calvin Potter,George@at.net,5/13/2018,574-419-3111,11/9/1980,M,1980
181,3,Brenden Lloyd,Hu@semper.gov,5/15/2018,099-506-1871,1/10/1981,M,1981
182,3,Vernon Hubbard,Otto@vulputate.us,5/18/2018,679-651-1493,3/13/1981,M,1981
183,3,Peter Robertson,Ursula@vel.gov,5/21/2018,913-375-5124,5/14/1981,M,1981
184,3,Xenos Shepard,Nerea@nulla.edu,5/24/2018,278-534-9316,7/15/1981,M,1981
185,3,Rudyard Fletcher,Murphy@primis.edu,5/26/2018,597-228-0468,9/15/1981,M,1981
186,3,Hedley Compton,Morgan@lacinia.gov,5/29/2018,121-559-2647,11/16/1981,M,1981
187,3,Fitzgerald Miles,Faith@elit.edu,6/1/2018,813-508-9000,1/17/1982,M,1982
188,3,Odysseus Randall,Fletcher@Quisque.net,6/4/2018,263-853-6667,3/21/1982,M,1982
189,3,Jackson Rhodes,Chase@dapibus.com,6/7/2018,454-816-3685,5/22/1982,M,1982
190,3,Jelani Le,Sigourney@velit.us,6/9/2018,172-579-9378,7/23/1982,M,1982
191,3,Cullen Lynn,Wesley@velit.edu,6/12/2018,240-403-4055,9/23/1982,M,1982
192,3,Connor Pacheco,Claudia@leo.net,6/15/2018,744-282-4277,11/24/1982,M,1982
193,3,Phillip Mcclure,Craig@interdum.gov,6/18/2018,644-745-0510,1/25/1983,M,1983
194,3,Adrian Joyce,Fritz@turpis.net,6/20/2018,048-023-5482,3/28/1983,M,1983
195,3,Kennan Davidson,Nigel@nibh.gov,6/23/2018,560-611-7069,5/30/1983,M,1983
196,3,Damon Hester,Aristotle@venenatis.org,6/26/2018,167-907-4335,7/31/1983,M,1983
197,3,Castor Hurst,Maris@venenatis.net,6/29/2018,187-853-3252,10/1/1983,M,1983
198,3,Wang Morris,Allistair@velit.com,7/1/2018,949-946-9692,12/2/1983,M,1983
199,3,Raymond Shaffer,Candice@Pellentesque.net,7/4/2018,053-897-6508,2/2/1984,M,1984
200,3,Lance Le,Rebecca@orci.org,7/7/2018,090-849-1710,4/4/1984,M,1984
201,3,Xanthus Snyder,Brittany@Class.us,7/10/2018,868-536-2411,6/5/1984,M,1984
202,3,Henry Maxwell,Murphy@Phasellus.com,7/12/2018,079-274-1772,8/6/1984,M,1984
203,3,Mason Hester,Amery@nunc.edu,7/15/2018,012-254-4665,10/8/1984,M,1984
204,3,Jared Craft,Janna@sodales.net,7/18/2018,323-289-2590,12/9/1984,M,1984
205,3,Wallace Cameron,Giacomo@mollis.net,7/21/2018,234-158-2407,2/9/1985,M,1985
206,3,Carter Adkins,Amos@fermentum.com,7/23/2018,735-607-1940,4/12/1985,M,1985
207,3,Dolan Brady,Oprah@dui.edu,7/26/2018,914-529-2491,6/13/1985,M,1985
208,3,Zeus England,Graiden@elementum.gov,7/29/2018,922-772-8771,8/14/1985,M,1985
209,3,Gage Robinson,Laith@rutrum.com,8/1/2018,076-862-7948,10/15/1985,M,1985
210,3,Raphael Strong,Dale@montes.com,8/3/2018,988-672-4981,12/17/1985,M,1985
211,3,Jesse Walter,Dane@turpis.edu,8/6/2018,953-528-3480,2/17/1986,M,1986
212,3,Cedric Duffy,Eric@Class.org,8/9/2018,258-605-6465,4/20/1986,M,1986
213,3,Talon Elliott,Mariko@Ut.org,8/12/2018,720-631-5970,6/21/1986,M,1986
214,3,Burke Moss,Liberty@placerat.org,8/14/2018,511-460-1845,8/22/1986,M,1986
215,3,Ashton Patel,Gemma@blandit.edu,8/17/2018,708-850-6272,10/23/1986,M,1986
216,3,Kennan Weeks,Madonna@egestas.org,8/20/2018,714-388-5676,12/24/1986,M,1986
217,3,Tyler Key,Jescie@est.com,8/23/2018,449-594-5922,2/24/1987,M,1987
218,3,Ira David,Zenaida@eget.edu,8/25/2018,356-988-8022,4/28/1987,M,1987
219,3,Wyatt Huff,Wynne@laoreet.org,8/28/2018,973-550-8268,6/29/1987,M,1987
220,3,Wing Perkins,Jocelyn@pretium.com,8/31/2018,313-159-2789,8/30/1987,M,1987
221,3,Emery Hooper,Xander@vel.edu,9/3/2018,657-664-2467,10/31/1987,M,1987
222,3,Curran Maynard,Isadora@Suspendisse.org,9/5/2018,600-685-1754,1/1/1988,M,1988
223,3,Jakeem Garner,Damon@turpis.gov,9/8/2018,408-429-4954,3/3/1988,M,1988
224,3,Denton Slater,Barbara@adipiscing.us,9/11/2018,125-763-4404,5/4/1988,M,1988
225,3,Kermit Levy,Shaine@dolor.gov,9/14/2018,758-154-1198,7/6/1988,M,1988
226,3,Xanthus Morrow,Urielle@Maecenas.gov,9/17/2018,285-351-6991,9/6/1988,M,1988
227,3,Ryan Gilliam,Rajah@vulputate.org,9/19/2018,473-766-4643,11/7/1988,M,1988
228,3,Baker Clayton,Erica@fringilla.com,9/22/2018,655-094-1825,1/8/1989,M,1989
229,3,Craig Mathis,Amery@porta.org,9/25/2018,212-840-4513,3/11/1989,M,1989
230,3,Lars Paul,Donna@lectus.gov,9/28/2018,345-792-7492,5/12/1989,M,1989
231,3,Nehru Duncan,Willow@purus.gov,9/30/2018,918-918-8784,7/13/1989,M,1989
232,3,Justin Massey,Nissim@enim.edu,10/3/2018,274-909-2984,9/13/1989,M,1989
233,3,Gavin Roth,Noble@tempus.us,10/6/2018,752-364-4287,11/15/1989,M,1989
234,3,Samson Zamora,Wayne@Morbi.com,10/9/2018,615-118-0625,1/16/1990,M,1990
235,3,Lamar Mckenzie,Priscilla@venenatis.net,10/11/2018,424-902-9134,3/19/1990,M,1990
236,3,Thane Burns,Mia@lacus.org,10/14/2018,941-466-4274,5/20/1990,M,1990
237,3,Harper Shelton,Ali@dapibus.net,10/17/2018,494-024-5127,7/21/1990,M,1990
238,3,Jacob Clay,Jeanette@vulputate.gov,10/20/2018,420-925-2261,9/21/1990,M,1990
239,3,Gareth Barron,Asher@nibh.edu,10/22/2018,693-402-6539,11/22/1990,M,1990
240,3,Donovan Cruz,Madison@gravida.net,10/25/2018,625-957-7041,1/24/1991,M,1991
241,3,Wade Moran,Trevor@eu.com,10/28/2018,445-673-8287,3/27/1991,M,1991
242,3,Ali Miranda,Cyrus@pulvinar.edu,10/31/2018,304-740-9935,5/28/1991,M,1991
243,3,Wyatt Cardenas,Kato@euismod.gov,11/2/2018,088-038-0885,7/29/1991,M,1991
244,3,Abbot Charles,Walker@Nulla.edu,11/5/2018,820-676-1469,9/29/1991,M,1991
245,3,Devin Castillo,Bevis@Mauris.us,11/8/2018,773-432-9349,11/30/1991,M,1991
246,3,Maxwell Reid,Mollie@risus.net,11/11/2018,368-311-7578,1/31/1992,M,1992
247,3,Charles Cochran,Sage@suscipit.com,11/13/2018,943-152-9597,4/2/1992,M,1992
248,3,Fritz Washington,Rashad@scelerisque.edu,11/16/2018,661-677-9139,6/4/1992,M,1992
249,3,Cadman Morales,Erica@elit.edu,11/19/2018,721-559-0153,8/5/1992,M,1992
250,3,Forrest Gentry,Donna@Curae.com,11/22/2018,560-664-5637,10/6/1992,M,1992
251,3,Stone Thomas,Kiayada@Etiam.edu,11/24/2018,155-787-7046,12/7/1992,M,1992
252,3,Raphael Blake,Rudyard@Nunc.us,11/27/2018,795-406-5267,2/7/1993,M,1993
253,3,Zachary Serrano,Tucker@turpis.gov,11/30/2018,844-811-6893,4/10/1993,M,1993
254,3,Theodore Armstrong,Patrick@elit.org,12/3/2018,189-886-9518,6/11/1993,M,1993
255,3,Malcolm Fuller,Hamish@a.us,12/5/2018,441-897-0643,8/13/1993,M,1993
256,3,Uriah Fowler,Hayfa@Maecenas.com,12/8/2018,020-163-5669,10/14/1993,M,1993
257,3,Amos Henry,Minerva@lorem.org,12/11/2018,020-112-9681,12/15/1993,M,1993
258,3,Harding Meyer,Cheyenne@id.us,12/14/2018,967-916-1546,2/15/1994,M,1994
259,3,Roth Shelton,Jesse@ipsum.us,12/16/2018,176-997-5625,4/18/1994,M,1994
260,3,Chaim Haney,Hayden@ultrices.org,12/19/2018,010-652-9919,6/19/1994,M,1994
261,3,Barry Everett,Honorato@viverra.net,12/22/2018,867-328-2831,8/20/1994,M,1994
262,3,Craig Smith,Anastasia@mauris.com,12/25/2018,646-732-8281,10/21/1994,M,1994
263,3,Rashad Mckinney,Hashim@magnis.us,12/28/2018,028-487-7841,12/23/1994,M,1994
264,3,Noah Butler,Joelle@In.org,12/30/2018,265-862-6109,2/23/1995,M,1995
265,3,Geoffrey Bray,Brenda@sem.edu,1/2/2019,400-449-3117,4/26/1995,M,1995
266,3,Tucker Ramos,Nola@Lorem.net,1/5/2019,665-895-7670,6/27/1995,M,1995
267,3,Ira Vang,Gloria@feugiat.net,1/8/2019,955-835-2522,8/28/1995,M,1995
268,3,Ezekiel Craig,Drake@eu.org,1/10/2019,617-102-3297,10/29/1995,M,1995
269,3,Dolan Clayton,Cynthia@dolor.us,1/13/2019,266-620-7953,12/30/1995,M,1995
270,3,Levi Petersen,Zachary@vel.us,1/16/2019,295-333-7445,3/2/1996,M,1996
271,3,Ashton Dickson,Stacy@eget.net,1/19/2019,836-389-3462,5/3/1996,M,1996
272,3,Paki Adams,Connor@neque.org,1/21/2019,405-215-1879,7/4/1996,M,1996
273,3,Isaiah Fischer,Akeem@Pellentesque.us,1/24/2019,542-237-3906,9/4/1996,M,1996
274,3,Ross Rasmussen,Hanae@placerat.edu,1/27/2019,552-880-9647,11/5/1996,M,1996
275,3,Leroy Atkins,Mari@sit.org,1/30/2019,048-917-6368,1/6/1997,M,1997
276,3,Alvin Howe,Avye@nascetur.net,2/1/2019,449-824-8690,3/9/1997,M,1997
277,3,Phelan Savage,Kato@scelerisque.edu,2/4/2019,097-317-2855,5/10/1997,M,1997
278,3,Price Crane,Kasper@massa.org,2/7/2019,645-006-4940,7/12/1997,M,1997
279,3,Kuame Johnston,Wyoming@scelerisque.org,2/10/2019,978-328-0944,9/12/1997,M,1997
280,3,Perry Goodwin,Magee@tincidunt.org,2/12/2019,680-768-2421,11/13/1997,M,1997
281,3,Bernard Benton,Donna@leo.org,2/15/2019,171-977-6356,1/14/1998,M,1998
282,3,Henry Clayton,Sybil@felis.us,2/18/2019,207-938-8688,3/17/1998,M,1998
283,3,Stewart Horn,Hermione@semper.net,2/21/2019,659-205-1456,5/18/1998,M,1998
284,3,Yuli Colon,Ishmael@Pellentesque.edu,2/23/2019,683-787-4693,7/19/1998,M,1998
285,3,Tate Rutledge,Talon@faucibus.com,2/26/2019,684-542-3014,9/20/1998,M,1998
286,3,Josiah Rosales,Blake@porttitor.us,3/1/2019,902-338-0886,11/21/1998,M,1998
287,3,Brody Slater,Tucker@lectus.us,3/4/2019,460-862-1550,1/22/1999,M,1999
288,3,Seth Rutledge,Odysseus@sociis.org,3/6/2019,288-276-8230,3/25/1999,M,1999
289,3,Gregory Hardy,Tanek@ad.net,3/9/2019,514-395-6838,5/26/1999,M,1999
290,3,Ferris Horn,Porter@laoreet.edu,3/12/2019,408-623-8368,7/27/1999,M,1999
291,3,Samuel Callahan,Karina@nulla.us,3/15/2019,551-765-5781,9/27/1999,M,1999
292,3,Eric Richmond,Raja@porttitor.net,3/17/2019,533-334-5928,11/28/1999,M,1999
293,3,Roth Mccall,Carl@lectus.org,3/20/2019,530-812-8258,1/30/2000,M,2000
294,3,Ciaran English,Craig@rhoncus.net,3/23/2019,860-578-2850,4/1/2000,M,2000
295,3,Russell Oneill,Amy@a.us,3/26/2019,188-351-4268,6/2/2000,M,2000
296,3,Ronan Bryant,Amal@egestas.com,3/28/2019,339-324-1083,8/3/2000,M,2000
297,3,Bruno Alston,Illiana@mauris.org,3/31/2019,409-606-8550,10/4/2000,M,2000
298,3,Isaac Delacruz,Bree@orci.us,4/3/2019,159-606-1498,12/5/2000,M,2000
299,3,Carter Kelly,Isaiah@Cum.us,4/6/2019,385-710-8133,2/5/2001,M,2001
300,3,Donovan Reeves,Rhonda@scelerisque.org,4/9/2019,971-834-8561,4/9/2001,M,2001
301,3,Alika Rivas,Yoshi@aliquam.us,1/4/2017,021-443-0682,5/13/1950,F,1950
302,3,Sacha Wall,Yvette@erat.org,1/6/2017,433-102-9277,6/29/1950,F,1950
303,3,Raya Hampton,Martina@malesuada.com,1/8/2017,478-762-8984,8/14/1950,F,1950
304,3,Belle Reyes,Sierra@sodales.net,1/10/2017,930-000-5889,9/30/1950,F,1950
305,3,Brooke Munoz,William@montes.com,1/12/2017,573-552-0754,11/16/1950,F,1950
306,3,Tanisha Wolf,Clinton@varius.edu,1/14/2017,369-236-7140,1/1/1951,F,1951
307,3,Quintessa Franklin,Audrey@mattis.net,1/16/2017,977-781-3835,2/17/1951,F,1951
308,3,Charissa Cobb,Regan@Vivamus.net,1/18/2017,618-483-1616,4/4/1951,F,1951
309,3,Susan Mathis,Cody@tincidunt.edu,1/20/2017,726-654-4316,5/21/1951,F,1951
310,3,Cynthia Hurley,Miriam@arcu.edu,1/22/2017,305-573-4564,7/7/1951,F,1951
311,3,Melodie Dawson,Stacey@nostra.us,1/24/2017,694-557-8383,8/22/1951,F,1951
312,3,Charlotte Webb,Phelan@rutrum.org,1/26/2017,542-155-7242,10/8/1951,F,1951
313,3,Melyssa Jones,Delilah@Duis.edu,1/28/2017,023-851-0936,11/23/1951,F,1951
314,3,Yuri Jacobson,Shea@ante.gov,1/30/2017,371-921-0474,1/9/1952,F,1952
315,3,Kellie Barton,Hyacinth@urna.edu,2/2/2017,236-217-0356,2/25/1952,F,1952
316,3,Camille Glass,Hedley@adipiscing.gov,2/4/2017,448-528-3198,4/11/1952,F,1952
317,3,Reagan Roberts,Echo@Integer.edu,2/6/2017,324-062-4567,5/28/1952,F,1952
318,3,Chelsea Bray,Willow@sem.net,2/8/2017,288-181-8604,7/13/1952,F,1952
319,3,Lesley Benson,Laura@eleifend.net,2/10/2017,685-365-3310,8/29/1952,F,1952
320,3,Denise Matthews,Hannah@facilisis.org,2/12/2017,212-992-5826,10/15/1952,F,1952
321,3,Lillith Lucas,Ulric@varius.com,2/14/2017,365-702-7433,11/30/1952,F,1952
322,3,Brittany Bradshaw,Rina@Duis.us,2/16/2017,927-758-6053,1/16/1953,F,1953
323,3,Cecilia Davidson,Donovan@posuere.org,2/18/2017,764-601-4599,3/3/1953,F,1953
324,3,Emma Cunningham,Yetta@augue.org,2/20/2017,495-345-8164,4/19/1953,F,1953
325,3,Pamela Hays,Wilma@lorem.net,2/22/2017,160-794-1256,6/5/1953,F,1953
326,3,Sandra Andrews,Shaeleigh@mauris.net,2/24/2017,671-876-8210,7/21/1953,F,1953
327,3,Shafira Moss,Len@sociosqu.com,2/26/2017,243-622-5454,9/6/1953,F,1953
328,3,Carla Douglas,Nigel@est.com,2/28/2017,239-263-9162,10/22/1953,F,1953
329,3,Angela Strickland,Alma@id.edu,3/2/2017,978-857-3312,12/8/1953,F,1953
330,3,Chanda Marks,Stewart@consequat.org,3/5/2017,058-713-8690,1/24/1954,F,1954
331,3,Amelia Alvarado,Timon@nec.us,3/7/2017,056-404-4359,3/11/1954,F,1954
332,3,Samantha Riddle,Alvin@purus.net,3/9/2017,114-078-3425,4/27/1954,F,1954
333,3,Chava Guzman,Igor@condimentum.us,3/11/2017,675-302-8631,6/12/1954,F,1954
334,3,Nita Golden,Brynn@hendrerit.org,3/13/2017,719-055-8234,7/29/1954,F,1954
335,3,Zelenia Powell,Denise@faucibus.edu,3/15/2017,197-930-2848,9/14/1954,F,1954
336,3,Aileen Zamora,Declan@dui.com,3/17/2017,182-923-6770,10/30/1954,F,1954
337,3,Dana Curtis,Burton@mus.com,3/19/2017,336-130-4252,12/16/1954,F,1954
338,3,Leslie Acevedo,Yuli@Curae.us,3/21/2017,396-952-2432,1/31/1955,F,1955
339,3,Adena Bradford,Price@venenatis.us,3/23/2017,564-240-9076,3/19/1955,F,1955
340,3,Shannon Mckenzie,Wynter@posuere.net,3/25/2017,282-732-1053,5/5/1955,F,1955
341,3,Katell Dunlap,Sonya@quis.org,3/27/2017,111-197-6166,6/20/1955,F,1955
342,3,Blossom Alford,Boris@molestie.org,3/29/2017,440-720-9943,8/6/1955,F,1955
343,3,Bo Vincent,Aurora@tempor.edu,3/31/2017,155-843-8482,9/21/1955,F,1955
344,3,Avye Koch,Tad@faucibus.us,4/2/2017,977-525-6648,11/7/1955,F,1955
345,3,Barbara Knowles,Magee@aliquam.org,4/5/2017,524-174-8629,12/24/1955,F,1955
346,3,Yuri Nixon,Keegan@morbi.edu,4/7/2017,070-721-0736,2/8/1956,F,1956
347,3,Abra Dotson,Penelope@taciti.org,4/9/2017,659-894-5363,3/26/1956,F,1956
348,3,Whoopi Barrera,Deacon@per.us,4/11/2017,441-523-9048,5/11/1956,F,1956
349,3,Kathleen Langley,Xyla@massa.org,4/13/2017,659-861-9609,6/27/1956,F,1956
350,3,Lucy Kennedy,Kalia@laoreet.com,4/15/2017,431-927-6847,8/13/1956,F,1956
351,3,Hope Fernandez,Baker@justo.net,4/17/2017,343-610-0398,9/28/1956,F,1956
352,3,Ila Goodman,Dante@consequat.com,4/19/2017,739-121-3784,11/14/1956,F,1956
353,3,Penelope Ochoa,Carolyn@lectus.net,4/21/2017,330-949-9264,12/30/1956,F,1956
354,3,Kimberley Larson,Petra@hymenaeos.gov,4/23/2017,182-309-2405,2/15/1957,F,1957
355,3,Rhonda Clayton,Deirdre@condimentum.com,4/25/2017,547-516-4725,4/3/1957,F,1957
356,3,Kalia Drake,Beau@Maecenas.org,4/27/2017,567-912-1942,5/19/1957,F,1957
357,3,Sonia Vaughn,Myra@Donec.com,4/29/2017,804-091-2161,7/5/1957,F,1957
358,3,Kyra Warren,Imani@placerat.org,5/1/2017,703-696-6032,8/20/1957,F,1957
359,3,Nevada Langley,Hanna@magna.net,5/3/2017,291-731-7772,10/6/1957,F,1957
360,3,Giselle Levine,Ishmael@pharetra.gov,5/6/2017,092-528-5807,11/22/1957,F,1957
361,3,Ifeoma Butler,Tyler@luctus.org,5/8/2017,854-385-1287,1/7/1958,F,1958
362,3,Sarah Smith,Petra@et.us,5/10/2017,430-390-1811,2/23/1958,F,1958
363,3,Rowan Woods,Stone@Proin.edu,5/12/2017,769-603-7732,4/10/1958,F,1958
364,3,Xantha Sampson,Savannah@primis.gov,5/14/2017,821-105-7072,5/27/1958,F,1958
365,3,Mary Swanson,Ivory@eu.edu,5/16/2017,783-305-5442,7/13/1958,F,1958
366,3,Eve Delacruz,Naida@id.net,5/18/2017,883-584-0321,8/28/1958,F,1958
367,3,Noelle Salazar,Winifred@mauris.com,5/20/2017,531-429-1760,10/14/1958,F,1958
368,3,Kyra Hampton,Urielle@Nunc.com,5/22/2017,907-531-3069,11/29/1958,F,1958
369,3,Astra Duffy,Abigail@egestas.com,5/24/2017,534-616-4329,1/15/1959,F,1959
370,3,Kameko Knox,Bianca@eget.org,5/26/2017,769-640-0042,3/3/1959,F,1959
371,3,Nevada Ewing,Gregory@nascetur.us,5/28/2017,674-715-8042,4/18/1959,F,1959
372,3,Leigh William,Adena@morbi.org,5/30/2017,394-161-1669,6/4/1959,F,1959
373,3,Eugenia Oconnor,Clare@ad.edu,6/1/2017,725-904-0851,7/20/1959,F,1959
374,3,Audrey Farley,Graham@fringilla.edu,6/3/2017,462-004-9564,9/5/1959,F,1959
375,3,Zelenia Hoffman,Colby@tristique.com,6/6/2017,808-869-9639,10/22/1959,F,1959
376,3,Yael Rich,Gemma@vehicula.org,6/8/2017,762-633-0333,12/7/1959,F,1959
377,3,Cherokee West,Andrew@ornare.com,6/10/2017,592-412-5994,1/23/1960,F,1960
378,3,Zia Gilbert,Burton@nibh.org,6/12/2017,015-632-6747,3/9/1960,F,1960
379,3,Megan Adams,Aquila@ridiculus.net,6/14/2017,188-409-0349,4/25/1960,F,1960
380,3,Deirdre Peterson,Pascale@tortor.net,6/16/2017,837-424-6525,6/11/1960,F,1960
381,3,Charity Harvey,Perry@fermentum.edu,6/18/2017,407-580-6600,7/27/1960,F,1960
382,3,Ciara Rosales,Bethany@nascetur.net,6/20/2017,736-765-8412,9/12/1960,F,1960
383,3,Ariana Howell,Asher@hendrerit.edu,6/22/2017,183-212-8969,10/28/1960,F,1960
384,3,Kylan Hayes,Nell@ornare.edu,6/24/2017,998-034-0664,12/14/1960,F,1960
385,3,Germaine Mitchell,Hop@tempus.gov,6/26/2017,399-990-7145,1/30/1961,F,1961
386,3,Kimberley Vance,Lareina@dictum.gov,6/28/2017,652-834-7981,3/17/1961,F,1961
387,3,Gail Clements,Porter@a.org,6/30/2017,404-679-2554,5/3/1961,F,1961
388,3,Denise Armstrong,Isadora@eleifend.us,7/2/2017,805-724-6813,6/18/1961,F,1961
389,3,Courtney Holden,Preston@suscipit.edu,7/5/2017,789-571-0596,8/4/1961,F,1961
390,3,Tanisha Francis,Savannah@condimentum.org,7/7/2017,792-255-1821,9/20/1961,F,1961
391,3,Anjolie Vargas,Keith@gravida.us,7/9/2017,338-278-3067,11/5/1961,F,1961
392,3,Serena Kane,Raja@accumsan.net,7/11/2017,682-247-2781,12/22/1961,F,1961
393,3,Farrah Hudson,Eric@Proin.org,7/13/2017,545-467-3850,2/6/1962,F,1962
394,3,Imani Juarez,Stephen@Ut.org,7/15/2017,983-776-8983,3/25/1962,F,1962
395,3,Erin Nunez,Cally@venenatis.org,7/17/2017,592-703-3354,5/11/1962,F,1962
396,3,Dai Bennett,Vielka@elementum.com,7/19/2017,499-614-8312,6/26/1962,F,1962
397,3,Buffy Drake,Nasim@penatibus.net,7/21/2017,103-192-4069,8/12/1962,F,1962
398,3,Rhonda Hendrix,Whilemina@Integer.us,7/23/2017,832-989-7707,9/27/1962,F,1962
399,3,Haviva Blanchard,Lysandra@adipiscing.com,7/25/2017,880-584-9921,11/13/1962,F,1962
400,3,Olympia Burns,Moses@Cras.edu,7/27/2017,529-505-2729,12/30/1962,F,1962
401,3,Rhea Wall,Yardley@velit.edu,7/29/2017,712-350-1572,2/14/1963,F,1963
402,3,Sylvia Atkins,Lewis@arcu.gov,7/31/2017,096-351-5369,4/2/1963,F,1963
403,3,Amela Watts,Belle@nibh.net,8/2/2017,682-557-1438,5/18/1963,F,1963
404,3,Maris Williams,Jasper@lacinia.org,8/5/2017,280-484-7631,7/4/1963,F,1963
405,3,Irma Fulton,Charissa@dictum.org,8/7/2017,598-663-3302,8/20/1963,F,1963
406,3,Gemma Rodriguez,Buckminster@semper.gov,8/9/2017,210-322-9268,10/5/1963,F,1963
407,3,Xandra Kim,Lucas@sagittis.gov,8/11/2017,344-473-6312,11/21/1963,F,1963
408,3,Angela Drake,Silas@vulputate.com,8/13/2017,328-277-7321,1/6/1964,F,1964
409,3,Janna Delaney,Seth@vestibulum.com,8/15/2017,048-747-7825,2/22/1964,F,1964
410,3,Vielka Hull,Ray@Donec.edu,8/17/2017,602-997-0035,4/9/1964,F,1964
411,3,Myra Donovan,Rudyard@scelerisque.org,8/19/2017,049-029-2163,5/25/1964,F,1964
412,3,Karyn Bonner,Hashim@euismod.us,8/21/2017,729-646-1949,7/11/1964,F,1964
413,3,Martena Gay,Nicholas@scelerisque.net,8/23/2017,609-427-2295,8/26/1964,F,1964
414,3,McKenzie Burnett,Chelsea@feugiat.org,8/25/2017,079-853-7022,10/12/1964,F,1964
415,3,Nina Adkins,Kato@cursus.us,8/27/2017,768-960-1547,11/28/1964,F,1964
416,3,Kiara Clark,Alisa@varius.com,8/29/2017,802-145-4119,1/13/1965,F,1965
417,3,Hayley Spears,Harriet@magna.edu,8/31/2017,806-379-1972,3/1/1965,F,1965
418,3,Keiko Walls,Theodore@augue.com,9/2/2017,084-428-4672,4/16/1965,F,1965
419,3,Halla Cole,Salvador@Duis.org,9/5/2017,430-854-4973,6/2/1965,F,1965
420,3,Oprah Witt,Roary@Phasellus.edu,9/7/2017,492-079-1187,7/19/1965,F,1965
421,3,Nichole Medina,Carolyn@viverra.org,9/9/2017,754-028-1277,9/3/1965,F,1965
422,3,Samantha Berry,Laith@justo.net,9/11/2017,016-215-0941,10/20/1965,F,1965
423,3,Kylie Hooper,Shellie@Proin.com,9/13/2017,809-903-2967,12/5/1965,F,1965
424,3,Priscilla Madden,Stacy@cursus.us,9/15/2017,649-526-6768,1/21/1966,F,1966
425,3,Savannah Bean,Gemma@sapien.us,9/17/2017,225-169-1316,3/9/1966,F,1966
426,3,Kelsie Rios,Talon@fames.us,9/19/2017,104-518-3834,4/24/1966,F,1966
427,3,Gay Coffey,McKenzie@sem.gov,9/21/2017,660-805-8056,6/10/1966,F,1966
428,3,September Buckner,Ezra@consectetuer.org,9/23/2017,832-816-2799,7/26/1966,F,1966
429,3,Lee Barrett,Jonas@quam.com,9/25/2017,415-261-1740,9/11/1966,F,1966
430,3,Jillian Franco,Bethany@nascetur.org,9/27/2017,664-049-9622,10/28/1966,F,1966
431,3,Jessamine Waller,Asher@facilisis.edu,9/29/2017,844-857-6091,12/13/1966,F,1966
432,3,Nelle Floyd,Alfreda@conubia.edu,10/1/2017,811-322-5713,1/29/1967,F,1967
433,3,Meghan Willis,Acton@Proin.edu,10/3/2017,727-578-9631,3/16/1967,F,1967
434,3,Carla Stevens,Lucian@convallis.org,10/6/2017,842-123-1097,5/2/1967,F,1967
435,3,Buffy Castaneda,Jayme@id.net,10/8/2017,337-999-5649,6/18/1967,F,1967
436,3,Marah Gomez,Kareem@arcu.net,10/10/2017,305-370-8416,8/3/1967,F,1967
437,3,Deborah Myers,Ivor@primis.net,10/12/2017,727-062-2409,9/19/1967,F,1967
438,3,Gay Witt,Dylan@consectetuer.edu,10/14/2017,854-711-7331,11/4/1967,F,1967
439,3,Lael Matthews,Fritz@rutrum.com,10/16/2017,457-657-7509,12/21/1967,F,1967
440,3,Felicia Ramos,Randall@accumsan.us,10/18/2017,273-247-5795,2/6/1968,F,1968
441,3,Yoko Finch,Britanney@et.us,10/20/2017,553-599-0191,3/23/1968,F,1968
442,3,Susan Hart,Lacey@Pellentesque.edu,10/22/2017,870-197-5999,5/9/1968,F,1968
443,3,Georgia Kirby,Kane@condimentum.gov,10/24/2017,619-421-5281,6/24/1968,F,1968
444,3,Scarlet Gill,Kimberley@ac.edu,10/26/2017,264-141-9025,8/10/1968,F,1968
445,3,Maya Moreno,Owen@rutrum.org,10/28/2017,064-641-8434,9/26/1968,F,1968
446,3,Glenna Jennings,Eve@ipsum.gov,10/30/2017,681-175-5936,11/11/1968,F,1968
447,3,Alexa Aguirre,Veronica@molestie.edu,11/1/2017,511-115-1387,12/28/1968,F,1968
448,3,Sandra Ball,Nicholas@est.com,11/3/2017,338-879-0611,2/12/1969,F,1969
449,3,Callie Holmes,Aline@sem.com,11/6/2017,691-223-3821,3/31/1969,F,1969
450,3,Lynn Vance,Derek@Pellentesque.gov,11/8/2017,253-055-7804,5/17/1969,F,1969
451,3,Diana Baird,Rebekah@bibendum.org,11/10/2017,215-020-6026,7/2/1969,F,1969
452,3,Destiny Mcgee,Destiny@magna.edu,11/12/2017,535-822-3389,8/18/1969,F,1969
453,3,Shafira Koch,Shaine@nunc.net,11/14/2017,391-808-7810,10/3/1969,F,1969
454,3,Camille Mcgowan,MacKensie@feugiat.com,11/16/2017,367-601-5927,11/19/1969,F,1969
455,3,Oprah Sears,Orson@parturient.net,11/18/2017,986-092-3846,1/5/1970,F,1970
456,3,Britanney Stuart,Stacy@per.us,11/20/2017,072-964-4264,2/20/1970,F,1970
457,3,Colleen Copeland,Kenneth@nascetur.edu,11/22/2017,550-171-0393,4/8/1970,F,1970
458,3,Mikayla Lambert,Guy@natoque.gov,11/24/2017,501-173-8812,5/24/1970,F,1970
459,3,Macey Washington,Wallace@Vestibulum.com,11/26/2017,475-604-1902,7/10/1970,F,1970
460,3,Carla Miller,Berk@placerat.org,11/28/2017,276-491-8530,8/26/1970,F,1970
461,3,Giselle Ewing,Branden@nisi.org,11/30/2017,674-590-8670,10/11/1970,F,1970
462,3,Hayfa Reid,Cameron@mus.gov,12/2/2017,317-663-8102,11/27/1970,F,1970
463,3,Candice Odonnell,Brady@imperdiet.gov,12/5/2017,362-945-7057,1/12/1971,F,1971
464,3,Molly Cook,Tobias@lobortis.com,12/7/2017,227-333-8634,2/28/1971,F,1971
465,3,Demetria Bates,Kuame@non.org,12/9/2017,918-153-0065,4/16/1971,F,1971
466,3,Stephanie Flores,Walker@Integer.com,12/11/2017,069-385-5506,6/1/1971,F,1971
467,3,Paloma Weeks,Rhoda@metus.com,12/13/2017,219-582-1897,7/18/1971,F,1971
468,3,Linda Perry,Sonia@Phasellus.net,12/15/2017,610-973-3590,9/2/1971,F,1971
469,3,Dacey Donaldson,Russell@magnis.us,12/17/2017,438-172-0889,10/19/1971,F,1971
470,3,Ila Hunt,Rashad@elementum.org,12/19/2017,606-496-9779,12/5/1971,F,1971
471,3,Destiny Finch,Summer@dolor.edu,12/21/2017,540-434-5587,1/20/1972,F,1972
472,3,Keely Hamilton,Mariko@consequat.gov,12/23/2017,403-319-5437,3/7/1972,F,1972
473,3,Ifeoma Tucker,Fuller@pellentesque.org,12/25/2017,480-462-0439,4/22/1972,F,1972
474,3,Iola Rodriquez,Brody@ullamcorper.org,12/27/2017,403-804-7692,6/8/1972,F,1972
475,3,Delilah Strickland,Xavier@nonummy.com,12/29/2017,487-827-5770,7/25/1972,F,1972
476,3,Alexa Hancock,May@Fusce.org,12/31/2017,230-596-2784,9/9/1972,F,1972
477,3,Cecilia Mcfadden,Donna@sapien.edu,1/2/2018,604-632-2873,10/26/1972,F,1972
478,3,Ivana Holland,Vladimir@rutrum.us,1/5/2018,080-248-5135,12/11/1972,F,1972
479,3,Glenna Woodward,Demetria@dis.org,1/7/2018,179-475-7139,1/27/1973,F,1973
480,3,Sigourney Mcdowell,Reed@metus.net,1/9/2018,141-827-3560,3/15/1973,F,1973
481,3,Kirsten Montgomery,Jack@Maecenas.edu,1/11/2018,370-478-7313,4/30/1973,F,1973
482,3,Elizabeth Randall,Kaseem@diam.edu,1/13/2018,063-456-2354,6/16/1973,F,1973
483,3,Wynne Horton,Yael@lobortis.com,1/15/2018,188-868-8635,8/1/1973,F,1973
484,3,Zenaida Sargent,Rachel@elit.edu,1/17/2018,222-349-6271,9/17/1973,F,1973
485,3,Vielka Hanson,Harding@Donec.gov,1/19/2018,145-500-9248,11/3/1973,F,1973
486,3,Eleanor Stephens,Clementine@ullamcorper.us,1/21/2018,028-324-8482,12/19/1973,F,1973
487,3,Amy Combs,Ian@natoque.com,1/23/2018,559-264-8194,2/4/1974,F,1974
488,3,Sierra Rivas,Wayne@tempus.net,1/25/2018,341-149-9026,3/22/1974,F,1974
489,3,Joelle Workman,Perry@nascetur.edu,1/27/2018,108-768-6055,5/8/1974,F,1974
490,3,Cassidy Stein,Rogan@ultricies.net,1/29/2018,534-851-2473,6/24/1974,F,1974
491,3,Jessica Bates,Kasimir@taciti.com,1/31/2018,047-743-7900,8/9/1974,F,1974
492,3,Joelle Cruz,Knox@nibh.gov,2/2/2018,230-639-5075,9/25/1974,F,1974
493,3,Kameko Vaughan,Reagan@facilisis.edu,2/5/2018,624-475-0002,11/10/1974,F,1974
494,3,Ivory Rojas,Calista@quis.org,2/7/2018,958-049-5035,12/27/1974,F,1974
495,3,Rhonda Sears,Abra@ridiculus.org,2/9/2018,455-880-2967,2/12/1975,F,1975
496,3,Violet Singleton,Bert@vulputate.edu,2/11/2018,763-115-2955,3/30/1975,F,1975
497,3,Haviva Hale,Cleo@vitae.com,2/13/2018,803-505-8503,5/16/1975,F,1975
498,3,Mariko Noble,Henry@Curae.com,2/15/2018,909-089-1850,7/1/1975,F,1975
499,3,Mikayla Acevedo,Kylie@nunc.net,2/17/2018,056-353-0091,8/17/1975,F,1975
500,3,Idola Riggs,Jessica@malesuada.net,2/19/2018,988-060-6654,10/3/1975,F,1975
501,3,Lacy Hardy,Drew@fermentum.us,2/21/2018,338-790-4083,11/18/1975,F,1975
502,3,Ella Michael,Gannon@blandit.net,2/23/2018,865-089-6530,1/4/1976,F,1976
503,3,Hayley Sellers,Amir@Cras.net,2/25/2018,489-317-0295,2/19/1976,F,1976
504,3,Laurel Washington,Tarik@felis.us,2/27/2018,690-713-8072,4/6/1976,F,1976
505,3,Miriam Cardenas,Carl@convallis.com,3/1/2018,733-899-4309,5/23/1976,F,1976
506,3,Virginia Knox,Rinah@torquent.us,3/3/2018,990-847-6389,7/8/1976,F,1976
507,3,Haviva Cherry,Harper@montes.us,3/5/2018,377-133-9399,8/24/1976,F,1976
508,3,Mia Hinton,Damon@Class.us,3/8/2018,112-201-0089,10/9/1976,F,1976
509,3,Zelenia Sheppard,Callie@Quisque.gov,3/10/2018,668-243-4212,11/25/1976,F,1976
510,3,Adria Shannon,Otto@Praesent.edu,3/12/2018,414-485-8378,1/11/1977,F,1977
511,3,Erin Christian,Cade@ut.org,3/14/2018,711-861-0253,2/26/1977,F,1977
512,3,Miranda Haynes,Aladdin@mus.us,3/16/2018,369-858-8836,4/14/1977,F,1977
513,3,Molly Wall,Silas@aptent.com,3/18/2018,576-517-9536,5/30/1977,F,1977
514,3,Savannah Bass,Quintessa@lorem.us,3/20/2018,420-022-7159,7/16/1977,F,1977
515,3,Haley Spence,Darryl@risus.edu,3/22/2018,265-939-0297,9/1/1977,F,1977
516,3,Bertha Williamson,Tucker@eleifend.net,3/24/2018,882-828-2223,10/17/1977,F,1977
517,3,Leah Malone,Rachel@nibh.us,3/26/2018,141-532-5963,12/3/1977,F,1977
518,3,Wanda Butler,Patience@eleifend.com,3/28/2018,253-163-2230,1/18/1978,F,1978
519,3,Alexis Valentine,Jolene@dapibus.org,3/30/2018,523-165-2341,3/6/1978,F,1978
520,3,Reagan Mason,Cassidy@quam.edu,4/1/2018,733-621-2211,4/22/1978,F,1978
521,3,Mara Davenport,Keiko@nec.com,4/3/2018,607-028-4620,6/7/1978,F,1978
522,3,Chava Gordon,Dora@congue.net,4/5/2018,589-834-9283,7/24/1978,F,1978
523,3,Jenette Allen,Paki@at.com,4/8/2018,945-706-3166,9/8/1978,F,1978
524,3,Zelenia Davenport,Ora@tristique.net,4/10/2018,274-959-5334,10/25/1978,F,1978
525,3,Fredericka Garner,Paula@ridiculus.us,4/12/2018,231-154-3072,12/11/1978,F,1978
526,3,Jessica May,Judith@dictum.edu,4/14/2018,799-086-7696,1/26/1979,F,1979
527,3,Lara Aguirre,Merritt@aptent.edu,4/16/2018,035-572-4622,3/14/1979,F,1979
528,3,Sage Ferrell,Jarrod@Curae.edu,4/18/2018,447-124-2920,4/29/1979,F,1979
529,3,Pascale Velez,Talon@luctus.edu,4/20/2018,633-332-7412,6/15/1979,F,1979
530,3,Eliana Best,Mark@ornare.org,4/22/2018,726-360-1010,8/1/1979,F,1979
531,3,Hadassah Reyes,Macaulay@parturient.edu,4/24/2018,715-528-8148,9/16/1979,F,1979
532,3,Maggie Emerson,Ferdinand@posuere.gov,4/26/2018,601-073-7567,11/2/1979,F,1979
533,3,Desiree Larson,Kirk@In.us,4/28/2018,376-427-8790,12/18/1979,F,1979
534,3,Latifah Becker,Helen@Integer.org,4/30/2018,649-895-8973,2/3/1980,F,1980
535,3,Alfreda Whitfield,Sybil@litora.com,5/2/2018,280-517-4213,3/21/1980,F,1980
536,3,Linda Barlow,Pamela@mattis.us,5/4/2018,850-847-5175,5/6/1980,F,1980
537,3,Larissa Hansen,Lael@consequat.edu,5/6/2018,779-915-2360,6/22/1980,F,1980
538,3,Kellie Glover,Martin@Lorem.net,5/9/2018,942-466-6471,8/7/1980,F,1980
539,3,Kim Allison,Damian@eros.org,5/11/2018,223-433-9288,9/23/1980,F,1980
540,3,Cherokee Lambert,Barry@massa.edu,5/13/2018,113-524-2265,11/9/1980,F,1980
541,3,Selma Carpenter,Merrill@porta.com,5/15/2018,114-001-5060,12/25/1980,F,1980
542,3,Noelle Winters,Hakeem@eu.edu,5/17/2018,565-859-8943,2/10/1981,F,1981
543,3,Montana Haley,Mason@dictum.us,5/19/2018,795-769-9903,3/28/1981,F,1981
544,3,Amaya Osborne,Xavier@dolor.edu,5/21/2018,036-201-4795,5/14/1981,F,1981
545,3,Rhonda Mcguire,Garth@placerat.com,5/23/2018,294-150-5257,6/30/1981,F,1981
546,3,Jillian Saunders,Carter@ullamcorper.gov,5/25/2018,128-485-2628,8/15/1981,F,1981
547,3,Ora Shields,Otto@sem.com,5/27/2018,447-380-8212,10/1/1981,F,1981
548,3,Raya Sanders,Carla@hymenaeos.edu,5/29/2018,878-481-9768,11/16/1981,F,1981
549,3,Tanisha Robinson,Rudyard@suscipit.com,5/31/2018,832-222-8038,1/2/1982,F,1982
550,3,Mia Jensen,Ira@ante.com,6/2/2018,631-803-0191,2/18/1982,F,1982
551,3,Yetta Simpson,Lara@nostra.com,6/4/2018,745-477-0952,4/5/1982,F,1982
552,3,Meredith Carrillo,Ulric@est.org,6/7/2018,015-818-4557,5/22/1982,F,1982
553,3,Camille Bennett,Ryan@Cras.org,6/9/2018,134-851-9585,7/7/1982,F,1982
554,3,Whilemina Hurley,Amena@accumsan.com,6/11/2018,925-833-0197,8/23/1982,F,1982
555,3,Venus Armstrong,Grady@suscipit.us,6/13/2018,275-011-9087,10/9/1982,F,1982
556,3,Cara Solis,Cynthia@conubia.org,6/15/2018,615-958-2420,11/24/1982,F,1982
557,3,Selma Blackburn,Rebekah@dictum.us,6/17/2018,310-298-0777,1/10/1983,F,1983
558,3,Melissa Johnson,Luke@eget.net,6/19/2018,816-924-9433,2/25/1983,F,1983
559,3,Melodie Moses,Uriel@ad.com,6/21/2018,492-394-5203,4/13/1983,F,1983
560,3,Quyn Langley,Shelly@Nulla.gov,6/23/2018,018-458-8775,5/30/1983,F,1983
561,3,Ayanna Boyle,Willow@adipiscing.us,6/25/2018,969-743-9079,7/15/1983,F,1983
562,3,Belle Oneal,Cooper@consectetuer.org,6/27/2018,846-733-6647,8/31/1983,F,1983
563,3,Belle Farmer,Velma@massa.net,6/29/2018,365-267-6335,10/16/1983,F,1983
564,3,Pascale Wolf,Carter@magnis.org,7/1/2018,477-092-6304,12/2/1983,F,1983
565,3,Illana Hartman,Graiden@rutrum.us,7/3/2018,749-327-8462,1/18/1984,F,1984
566,3,Doris Roberson,Tallulah@varius.edu,7/5/2018,840-084-8407,3/4/1984,F,1984
567,3,Jolene Ramsey,Colin@pretium.us,7/8/2018,004-419-5267,4/20/1984,F,1984
568,3,Quin Gray,Vladimir@massa.com,7/10/2018,741-255-7749,6/5/1984,F,1984
569,3,Hadley Olsen,Quail@sollicitudin.com,7/12/2018,399-713-7814,7/22/1984,F,1984
570,3,Tamara Guerra,Kenyon@Ut.us,7/14/2018,731-281-0199,9/7/1984,F,1984
571,3,Sophia Chambers,Erich@dolor.edu,7/16/2018,911-087-4068,10/23/1984,F,1984
572,3,September Morgan,Mark@at.com,7/18/2018,592-027-9254,12/9/1984,F,1984
573,3,Sopoline Garrison,Rahim@Maecenas.net,7/20/2018,126-181-1670,1/24/1985,F,1985
574,3,Kiayada Yang,Uta@tempus.net,7/22/2018,023-868-4158,3/12/1985,F,1985
575,3,Amena Terrell,Chaney@Nunc.org,7/24/2018,071-486-7997,4/28/1985,F,1985
576,3,Fallon Dean,Shafira@ipsum.net,7/26/2018,039-854-4514,6/13/1985,F,1985
577,3,Rina Harrell,Anjolie@Aliquam.com,7/28/2018,051-902-7649,7/30/1985,F,1985
578,3,Kiona Glenn,Ciaran@adipiscing.gov,7/30/2018,079-440-8039,9/14/1985,F,1985
579,3,Hyacinth Gallagher,Chancellor@pulvinar.org,8/1/2018,051-934-5139,10/31/1985,F,1985
580,3,Carissa Ayers,Dorothy@mattis.us,8/3/2018,554-443-6196,12/17/1985,F,1985
581,3,Kelsey Valenzuela,Bruno@malesuada.edu,8/5/2018,642-372-3063,2/1/1986,F,1986
582,3,Harriet Mills,Kyla@quis.com,8/8/2018,545-362-8532,3/20/1986,F,1986
583,3,India Kelley,Lamar@nunc.org,8/10/2018,718-543-8498,5/5/1986,F,1986
584,3,Joelle Hood,Jaime@Class.us,8/12/2018,289-492-3516,6/21/1986,F,1986
585,3,Jescie Reynolds,Tatiana@dolor.com,8/14/2018,112-834-4519,8/7/1986,F,1986
586,3,Imelda Miller,Jennifer@dolor.gov,8/16/2018,195-848-8911,9/22/1986,F,1986
587,3,Harriet Kirkland,Lillian@quis.net,8/18/2018,900-081-0361,11/8/1986,F,1986
588,3,Gail Harrell,Tamekah@enim.net,8/20/2018,038-606-1727,12/24/1986,F,1986
589,3,Dorothy Cortez,Alika@auctor.gov,8/22/2018,965-870-4747,2/9/1987,F,1987
590,3,Simone Rush,Jerry@Pellentesque.net,8/24/2018,316-255-6156,3/28/1987,F,1987
591,3,Naida Maddox,Lydia@Donec.gov,8/26/2018,562-112-3270,5/13/1987,F,1987
592,3,Daryl Watts,Quon@diam.org,8/28/2018,996-012-5651,6/29/1987,F,1987
593,3,Tamekah Clark,Aquila@bibendum.edu,8/30/2018,104-835-7068,8/14/1987,F,1987
594,3,Mari Hahn,Susan@tempus.us,9/1/2018,265-499-0943,9/30/1987,F,1987
595,3,Debra Sanchez,Halee@ligula.net,9/3/2018,996-942-4265,11/16/1987,F,1987
596,3,Sandra Ratliff,Bernard@fringilla.net,9/5/2018,193-960-9032,1/1/1988,F,1988
597,3,Jael Giles,Uta@enim.com,9/8/2018,925-270-5493,2/17/1988,F,1988
598,3,Laurel Rutledge,Porter@Pellentesque.gov,9/10/2018,045-914-3248,4/3/1988,F,1988
599,3,Mia Ingram,Claire@dis.edu,9/12/2018,956-795-0328,5/20/1988,F,1988
600,3,Sopoline Bird,Uriel@Curae.com,9/14/2018,680-424-4546,7/6/1988,F,1988
601,3,Amanda Workman,Branden@fringilla.com,9/16/2018,141-707-8775,8/21/1988,F,1988
602,3,Illiana Reid,Daniel@Class.org,9/18/2018,812-398-8304,10/7/1988,F,1988
603,3,Lael Anthony,MacKenzie@enim.org,9/20/2018,090-072-9980,11/22/1988,F,1988
604,3,Camille Tyler,Solomon@pretium.org,9/22/2018,102-192-8157,1/8/1989,F,1989
605,3,Sharon Wright,Naomi@Maecenas.edu,9/24/2018,182-494-8353,2/24/1989,F,1989
606,3,Alika Henson,Evangeline@metus.com,9/26/2018,345-038-7791,4/11/1989,F,1989
607,3,Ainsley Beard,Leilani@aliquet.com,9/28/2018,740-146-8683,5/28/1989,F,1989
608,3,Alisa Briggs,Mason@Sed.edu,9/30/2018,233-278-9925,7/13/1989,F,1989
609,3,Kirsten Stuart,Violet@faucibus.us,10/2/2018,457-755-6512,8/29/1989,F,1989
610,3,Adria Joyner,Summer@Cum.org,10/4/2018,838-101-4531,10/15/1989,F,1989
611,3,Melinda Thompson,Jordan@volutpat.org,10/6/2018,642-160-2662,11/30/1989,F,1989
612,3,Halee Perez,Xyla@lorem.gov,10/9/2018,808-506-0308,1/16/1990,F,1990
613,3,Iola Keller,Joy@aptent.org,10/11/2018,332-284-6296,3/3/1990,F,1990
614,3,Quinn Conrad,Ima@rutrum.gov,10/13/2018,755-773-9794,4/19/1990,F,1990
615,3,Myra Atkins,Jasper@Nullam.org,10/15/2018,743-995-3305,6/5/1990,F,1990
616,3,Florence Moon,Angela@lacus.net,10/17/2018,959-072-6835,7/21/1990,F,1990
617,3,Jillian Lott,Maia@montes.net,10/19/2018,063-325-3545,9/6/1990,F,1990
618,3,Lavinia Washington,Reece@libero.com,10/21/2018,325-159-2628,10/22/1990,F,1990
619,3,Whilemina West,Naomi@Praesent.net,10/23/2018,457-533-7185,12/8/1990,F,1990
620,3,Meredith Sanford,Mason@pulvinar.us,10/25/2018,896-334-4229,1/24/1991,F,1991
621,3,Savannah Bennett,Chase@sed.com,10/27/2018,140-433-4547,3/11/1991,F,1991
622,3,Julie Lopez,Knox@tortor.net,10/29/2018,068-209-4821,4/27/1991,F,1991
623,3,Neve Hoffman,Eric@eros.edu,10/31/2018,255-107-2193,6/12/1991,F,1991
624,3,Maggie Whitaker,Benjamin@tempor.com,11/2/2018,853-730-9705,7/29/1991,F,1991
625,3,Kylan Hancock,Rigel@risus.edu,11/4/2018,821-769-8203,9/14/1991,F,1991
626,3,Madonna Buckley,Ayanna@Quisque.org,11/7/2018,196-200-3938,10/30/1991,F,1991
627,3,Lesley Wells,Tarik@senectus.gov,11/9/2018,279-763-4837,12/16/1991,F,1991
628,3,Amena Graham,Rogan@nec.net,11/11/2018,965-030-2866,1/31/1992,F,1992
629,3,Astra Hicks,Rachel@erat.gov,11/13/2018,279-251-9582,3/18/1992,F,1992
630,3,Bell Witt,Anastasia@feugiat.edu,11/15/2018,609-346-6777,5/4/1992,F,1992
631,3,Minerva Donaldson,Zena@viverra.org,11/17/2018,940-465-6124,6/19/1992,F,1992
632,3,Latifah Myers,Xandra@interdum.net,11/19/2018,295-416-4863,8/5/1992,F,1992
633,3,Lael Harrison,Cora@Duis.edu,11/21/2018,506-376-8984,9/20/1992,F,1992
634,3,Dawn Herring,Regan@ornare.net,11/23/2018,971-827-3957,11/6/1992,F,1992
635,3,Deanna Rivas,Uriel@Aenean.com,11/25/2018,807-319-9750,12/23/1992,F,1992
636,3,Natalie Harris,Zeph@in.us,11/27/2018,399-870-1581,2/7/1993,F,1993
637,3,September Shepherd,Sage@venenatis.com,11/29/2018,052-293-7156,3/26/1993,F,1993
638,3,Paula Cummings,Lucas@conubia.com,12/1/2018,238-092-8457,5/11/1993,F,1993
639,3,Teegan Douglas,Kirk@in.com,12/3/2018,641-750-7331,6/27/1993,F,1993
640,3,Emma Rice,Herman@Maecenas.net,12/5/2018,549-713-3864,8/13/1993,F,1993
641,3,Leandra Townsend,Abigail@sem.gov,12/8/2018,482-357-0499,9/28/1993,F,1993
642,3,Iris Bradley,Isaiah@vehicula.edu,12/10/2018,285-950-6136,11/14/1993,F,1993
643,3,Mona Hess,MacKensie@venenatis.net,12/12/2018,063-456-6250,12/30/1993,F,1993
644,3,Geraldine Sandoval,Nevada@feugiat.com,12/14/2018,978-862-9633,2/15/1994,F,1994
645,3,Angela Hartman,Fuller@pulvinar.edu,12/16/2018,485-104-0753,4/3/1994,F,1994
646,3,Galena Tanner,Maggy@litora.com,12/18/2018,800-001-7765,5/19/1994,F,1994
647,3,Olivia Kidd,Adria@Integer.edu,12/20/2018,896-935-3477,7/5/1994,F,1994
648,3,Ava Michael,Cole@vulputate.edu,12/22/2018,832-931-2351,8/20/1994,F,1994
649,3,Rylee Anthony,Nigel@fermentum.org,12/24/2018,351-816-7450,10/6/1994,F,1994
650,3,Tamara Kinney,Anne@consequat.us,12/26/2018,939-707-3228,11/22/1994,F,1994
651,3,Karly Walsh,Nicole@metus.org,12/28/2018,177-126-9571,1/7/1995,F,1995
652,3,Vanna Kennedy,Kessie@leo.us,12/30/2018,826-646-2923,2/23/1995,F,1995
653,3,Wanda Vinson,Zenia@Quisque.com,1/1/2019,272-162-1372,4/10/1995,F,1995
654,3,Galena Coffey,Wesley@scelerisque.gov,1/3/2019,009-447-2155,5/27/1995,F,1995
655,3,Joan Peters,Lois@lectus.gov,1/5/2019,619-050-7156,7/13/1995,F,1995
656,3,Justina Brennan,Otto@quis.com,1/8/2019,221-284-7954,8/28/1995,F,1995
657,3,Violet Waters,Dominic@venenatis.gov,1/10/2019,561-117-7711,10/14/1995,F,1995
658,3,Cora Weaver,Linus@Cum.edu,1/12/2019,975-593-9980,11/29/1995,F,1995
659,3,Savannah Garza,Brennan@tristique.edu,1/14/2019,070-445-2715,1/15/1996,F,1996
660,3,Abra Schwartz,Orson@feugiat.com,1/16/2019,703-569-1850,3/2/1996,F,1996
661,3,Beatrice Gutierrez,Lisandra@Curae.us,1/18/2019,748-493-9350,4/17/1996,F,1996
662,3,Sigourney Sanford,Debra@id.org,1/20/2019,958-009-0774,6/3/1996,F,1996
663,3,Bertha Kramer,Kylan@Etiam.net,1/22/2019,004-928-9777,7/19/1996,F,1996
664,3,Portia Acevedo,Karly@risus.org,1/24/2019,410-846-1380,9/4/1996,F,1996
665,3,Carissa Schmidt,Nolan@primis.com,1/26/2019,753-629-7354,10/21/1996,F,1996
666,3,Karly Williams,Gabriel@vestibulum.com,1/28/2019,874-262-4997,12/6/1996,F,1996
667,3,Keely Franks,Olympia@cursus.edu,1/30/2019,566-963-4370,1/22/1997,F,1997
668,3,May Lambert,Francis@hendrerit.com,2/1/2019,933-562-9576,3/9/1997,F,1997
669,3,Amber Cooper,Jana@rhoncus.com,2/3/2019,584-081-1026,4/25/1997,F,1997
670,3,MacKenzie Duran,Jelani@hendrerit.gov,2/5/2019,133-209-5837,6/11/1997,F,1997
671,3,Lacota Baxter,Hadley@sit.us,2/8/2019,417-827-6696,7/27/1997,F,1997
672,3,Tasha Holloway,Bevis@volutpat.org,2/10/2019,418-349-7984,9/12/1997,F,1997
673,3,Guinevere Cooke,Ciaran@nonummy.gov,2/12/2019,605-368-5924,10/28/1997,F,1997
674,3,Roanna Guzman,Lars@turpis.org,2/14/2019,982-661-3991,12/14/1997,F,1997
675,3,Illana Graves,Xena@sit.gov,2/16/2019,109-939-8270,1/30/1998,F,1998
676,3,Indigo Howe,Curran@Morbi.com,2/18/2019,099-744-6263,3/17/1998,F,1998
677,3,Carly Pierce,Ginger@purus.net,2/20/2019,281-633-3721,5/3/1998,F,1998
678,3,Mariam Foley,Dustin@dis.edu,2/22/2019,514-256-5105,6/18/1998,F,1998
679,3,Mallory Kramer,Theodore@odio.net,2/24/2019,619-988-6223,8/4/1998,F,1998
680,3,Florence Wolfe,Cassandra@sociosqu.net,2/26/2019,572-027-5635,9/20/1998,F,1998
681,3,Christine Bentley,Cain@ultricies.gov,2/28/2019,739-297-5663,11/5/1998,F,1998
682,3,Violet Hammond,Lars@nulla.net,3/2/2019,992-393-3531,12/22/1998,F,1998
683,3,Zephr Zimmerman,Dacey@in.net,3/4/2019,741-320-7166,2/6/1999,F,1999
684,3,Dorothy Turner,Colt@Cum.edu,3/6/2019,753-129-4149,3/25/1999,F,1999
685,3,Rosalyn Melendez,Tanya@taciti.com,3/8/2019,799-510-5352,5/11/1999,F,1999
686,3,Libby Rowe,Gwendolyn@Curae.us,3/11/2019,987-647-9321,6/26/1999,F,1999
687,3,Angelica Maynard,Ciaran@nibh.net,3/13/2019,891-053-3654,8/12/1999,F,1999
688,3,Donna Fleming,Hashim@Phasellus.net,3/15/2019,104-237-8780,9/27/1999,F,1999
689,3,Karleigh Logan,Shelley@Pellentesque.org,3/17/2019,997-117-7572,11/13/1999,F,1999
690,3,Ifeoma Hahn,Amy@Praesent.us,3/19/2019,881-810-6934,12/30/1999,F,1999
691,3,Aurelia Bernard,Byron@pharetra.edu,3/21/2019,053-717-7223,2/14/2000,F,2000
692,3,Fleur Russo,Aurelia@euismod.com,3/23/2019,891-499-2656,4/1/2000,F,2000
693,3,Roary Hardy,Reese@lobortis.com,3/25/2019,328-054-7349,5/17/2000,F,2000
694,3,Caryn Parrish,Clinton@Duis.net,3/27/2019,937-738-4888,7/3/2000,F,2000
695,3,Vivian Dillard,Stacey@odio.edu,3/29/2019,437-381-1817,8/19/2000,F,2000
696,3,Lysandra Maxwell,Conan@congue.org,3/31/2019,824-243-8808,10/4/2000,F,2000
697,3,Jayme King,Randall@consectetuer.org,4/2/2019,964-739-9482,11/20/2000,F,2000
698,3,Shoshana Silva,Brady@posuere.net,4/4/2019,200-936-1529,1/5/2001,F,2001
699,3,Phyllis Fernandez,Vernon@facilisi.net,4/6/2019,883-136-4327,2/21/2001,F,2001
700,3,Ava Mullins,Kyle@In.org,4/9/2019,337-201-6353,4/9/2001,F,2001
701,3,Donovan Trevino,Miranda@eget.com,1/10/2017,127-289-9961,9/30/1950,N,1950
702,3,Michael Kinney,Samson@diam.com,1/18/2017,721-800-7676,4/4/1951,N,1951
703,3,Melvin Valdez,Odette@fermentum.gov,1/26/2017,916-386-4370,10/8/1951,N,1951
704,3,Bernard Everett,Jelani@egestas.edu,2/4/2017,711-278-7766,4/11/1952,N,1952
705,3,Phillip Lopez,Paki@consequat.org,2/12/2017,644-583-4372,10/15/1952,N,1952
706,3,Brendan Sykes,Catherine@mollis.com,2/20/2017,418-245-8996,4/19/1953,N,1953
707,3,Oleg Justice,John@morbi.com,2/28/2017,254-619-7592,10/22/1953,N,1953
708,3,Xavier Huffman,Scott@fringilla.org,3/9/2017,700-200-3911,4/27/1954,N,1954
709,3,Graiden Cortez,Sasha@porta.org,3/17/2017,604-887-0367,10/30/1954,N,1954
710,3,Chandler Cabrera,Winifred@tempor.us,3/25/2017,193-050-8566,5/5/1955,N,1955
711,3,Erich Hodge,Ishmael@mi.com,4/2/2017,149-047-2796,11/7/1955,N,1955
712,3,Zeus Cantu,Judith@Fusce.us,4/11/2017,234-000-2982,5/11/1956,N,1956
713,3,Salvador Spears,Kirby@augue.gov,4/19/2017,521-846-3043,11/14/1956,N,1956
714,3,Benjamin Briggs,Geoffrey@amet.com,4/27/2017,536-937-9056,5/19/1957,N,1957
715,3,Dennis Huff,Kelly@aliquet.net,5/6/2017,299-120-0343,11/22/1957,N,1957
716,3,Bert Ewing,Darius@laoreet.edu,5/14/2017,908-190-0919,5/27/1958,N,1958
717,3,Vernon Oconnor,Mechelle@id.gov,5/22/2017,502-593-8852,11/29/1958,N,1958
718,3,Cole Thompson,Damon@vestibulum.edu,5/30/2017,196-414-1282,6/4/1959,N,1959
719,3,Axel Wallace,Zahir@velit.org,6/8/2017,250-414-4907,12/7/1959,N,1959
720,3,Alvin Mann,Scarlet@sociis.gov,6/16/2017,943-635-3568,6/11/1960,N,1960
721,3,Ulysses Mcfadden,Aristotle@porta.com,6/24/2017,529-627-7904,12/14/1960,N,1960
722,3,Addison Greer,Austin@In.com,7/2/2017,419-368-2674,6/18/1961,N,1961
723,3,Lyle Herrera,Kaye@parturient.com,7/11/2017,276-657-3374,12/22/1961,N,1961
724,3,Murphy Lloyd,Mari@dis.com,7/19/2017,788-479-9082,6/26/1962,N,1962
725,3,Bruno Barnes,Cheyenne@parturient.us,7/27/2017,995-471-4953,12/30/1962,N,1962
726,3,Cole Solis,Hiroko@condimentum.net,8/5/2017,905-031-0586,7/4/1963,N,1963
727,3,Chester Solis,Felicia@convallis.com,8/13/2017,173-066-3697,1/6/1964,N,1964
728,3,Raymond Thornton,Juliet@ligula.org,8/21/2017,447-081-7281,7/11/1964,N,1964
729,3,Alexander Hooper,Remedios@eu.us,8/29/2017,964-081-2697,1/13/1965,N,1965
730,3,Bradley Kim,Dante@Nunc.gov,9/7/2017,625-690-8330,7/19/1965,N,1965
731,3,Melvin Black,Shelly@id.org,9/15/2017,979-309-3427,1/21/1966,N,1966
732,3,Len Green,Joseph@purus.com,9/23/2017,616-146-0712,7/26/1966,N,1966
733,3,Peter Chaney,Zephania@posuere.org,10/1/2017,593-040-7537,1/29/1967,N,1967
734,3,Jonas Henson,Sean@Etiam.edu,10/10/2017,786-254-2852,8/3/1967,N,1967
735,3,Castor Bartlett,Hu@volutpat.us,10/18/2017,717-630-3760,2/6/1968,N,1968
736,3,Arsenio Garrison,Brittany@natoque.gov,10/26/2017,507-808-1051,8/10/1968,N,1968
737,3,Calvin Sargent,Zenia@consectetuer.com,11/3/2017,744-078-5573,2/12/1969,N,1969
738,3,Akeem Leonard,Kyra@Phasellus.org,11/12/2017,875-008-8693,8/18/1969,N,1969
739,3,Cadman Beach,Zachary@Morbi.edu,11/20/2017,649-470-2151,2/20/1970,N,1970
740,3,Conan Burris,Justine@fermentum.com,11/28/2017,409-522-9660,8/26/1970,N,1970
741,3,Lane Duncan,Levi@et.org,12/7/2017,995-486-9864,2/28/1971,N,1971
742,3,Odysseus Stevenson,Kyra@sapien.net,12/15/2017,006-338-9858,9/2/1971,N,1971
743,3,Darius Valdez,Mary@non.gov,12/23/2017,943-483-7773,3/7/1972,N,1972
744,3,Thor Mercado,Amelia@ultricies.us,12/31/2017,203-969-4345,9/9/1972,N,1972
745,3,Eaton Mcguire,Laura@tellus.us,1/9/2018,171-496-3841,3/15/1973,N,1973
746,3,Bert Fisher,Lucius@pulvinar.net,1/17/2018,362-996-7046,9/17/1973,N,1973
747,3,Herman Collins,Dahlia@sed.us,1/25/2018,542-356-7536,3/22/1974,N,1974
748,3,Nigel Barton,Chava@ipsum.edu,2/2/2018,555-079-7138,9/25/1974,N,1974
749,3,Tucker Bray,Thomas@hymenaeos.org,2/11/2018,066-175-4284,3/30/1975,N,1975
750,3,Austin Mullins,Tana@dapibus.net,2/19/2018,405-593-2367,10/3/1975,N,1975
751,3,Yoshio Gaines,Carter@tellus.us,2/27/2018,721-812-4718,4/6/1976,N,1976
752,3,Hamilton Kidd,Vivien@nascetur.com,3/8/2018,037-113-4472,10/9/1976,N,1976
753,3,Dolan Walls,Todd@aliquet.us,3/16/2018,442-232-8564,4/14/1977,N,1977
754,3,Benedict Cochran,Indigo@Proin.edu,3/24/2018,070-459-0445,10/17/1977,N,1977
755,3,Garrison Black,Ora@Etiam.gov,4/1/2018,355-635-4810,4/22/1978,N,1978
756,3,Walter Booker,Shaine@inceptos.edu,4/10/2018,683-815-5865,10/25/1978,N,1978
757,3,Len Jacobson,Rhonda@per.com,4/18/2018,493-337-5974,4/29/1979,N,1979
758,3,Nathaniel Horne,Jade@pulvinar.com,4/26/2018,246-195-8586,11/2/1979,N,1979
759,3,Kadeem Haney,Dahlia@pellentesque.us,5/4/2018,093-428-1614,5/6/1980,N,1980
760,3,Mason Price,Gail@ante.gov,5/13/2018,286-675-0863,11/9/1980,N,1980
761,3,Gray Reynolds,Cynthia@aliquet.org,5/21/2018,770-967-1645,5/14/1981,N,1981
762,3,Brian Joseph,Allegra@libero.edu,5/29/2018,783-386-8024,11/16/1981,N,1981
763,3,Hyatt Cruz,Donovan@mattis.edu,6/7/2018,629-061-5714,5/22/1982,N,1982
764,3,Daniel Mcclure,Serena@dictum.edu,6/15/2018,837-905-2010,11/24/1982,N,1982
765,3,Thane Simpson,Athena@dictum.edu,6/23/2018,297-800-8217,5/30/1983,N,1983
766,3,Caleb Whitaker,Matthew@per.com,7/1/2018,285-986-6277,12/2/1983,N,1983
767,3,Tyrone Hewitt,Vera@inceptos.gov,7/10/2018,612-963-9575,6/5/1984,N,1984
768,3,Abel Hood,Mariko@pellentesque.com,7/18/2018,702-529-2350,12/9/1984,N,1984
769,3,Elmo Becker,Magee@ullamcorper.gov,7/26/2018,176-489-7253,6/13/1985,N,1985
770,3,Jasper Haney,Riley@arcu.com,8/3/2018,861-709-5991,12/17/1985,N,1985
771,3,Oscar Fuentes,Marvin@vitae.us,8/12/2018,433-661-6244,6/21/1986,N,1986
772,3,Thor Russo,Walker@blandit.gov,8/20/2018,051-639-8655,12/24/1986,N,1986
773,3,Gareth Alexander,Elliott@pede.com,8/28/2018,059-794-0415,6/29/1987,N,1987
774,3,Norman Donaldson,Wade@In.edu,9/5/2018,910-986-2169,1/1/1988,N,1988
775,3,Denton Mercer,Francis@Quisque.net,9/14/2018,966-863-7542,7/6/1988,N,1988
776,3,Joshua Pugh,Brady@Cum.com,9/22/2018,096-055-5362,1/8/1989,N,1989
777,3,Yasir Baldwin,Charissa@inceptos.org,9/30/2018,384-083-1715,7/13/1989,N,1989
778,3,Tiger Gay,Gannon@torquent.edu,10/9/2018,124-974-3517,1/16/1990,N,1990
779,3,Uriah Campbell,Brielle@velit.gov,10/17/2018,273-505-0377,7/21/1990,N,1990
780,3,Patrick Spence,Patricia@ad.us,10/25/2018,542-811-2514,1/24/1991,N,1991
781,3,Luke Patel,Herrod@Maecenas.us,11/2/2018,653-218-9979,7/29/1991,N,1991
782,3,Oscar Douglas,Baker@dignissim.org,11/11/2018,789-249-7090,1/31/1992,N,1992
783,3,Amery Ramirez,Bo@dis.com,11/19/2018,766-048-8967,8/5/1992,N,1992
784,3,Ivor Sherman,Todd@Aenean.org,11/27/2018,645-534-9177,2/7/1993,N,1993
785,3,Mufutau Wallace,Abraham@mollis.org,12/5/2018,280-218-9459,8/13/1993,N,1993
786,3,Upton Vang,Janna@leo.net,12/14/2018,765-281-3302,2/15/1994,N,1994
787,3,Beck Pennington,Finn@pharetra.us,12/22/2018,695-337-2006,8/20/1994,N,1994
788,3,Hilel Ballard,Rajah@risus.org,12/30/2018,263-826-9026,2/23/1995,N,1995
789,3,Jamal Washington,Beverly@nunc.org,1/8/2019,842-136-4355,8/28/1995,N,1995
790,3,Peter Moran,Tanya@augue.com,1/16/2019,014-363-5430,3/2/1996,N,1996
791,3,Wyatt Conway,Denise@taciti.net,1/24/2019,832-233-2851,9/4/1996,N,1996
792,3,Theodore Parks,Kai@sollicitudin.net,2/1/2019,077-640-5456,3/9/1997,N,1997
793,3,Byron Gamble,Wayne@hendrerit.edu,2/10/2019,914-895-3638,9/12/1997,N,1997
794,3,Tate Sanford,Sybill@consectetuer.com,2/18/2019,462-620-6336,3/17/1998,N,1998
795,3,Kenneth Moon,Colt@sed.edu,2/26/2019,741-478-6685,9/20/1998,N,1998
796,3,Lamar Johnson,Burton@natoque.org,3/6/2019,449-391-6300,3/25/1999,N,1999
797,3,Rafael Ellis,Willa@amet.edu,3/15/2019,797-007-2189,9/27/1999,N,1999
798,3,Kevin Huffman,Barry@Aliquam.gov,3/23/2019,632-390-5963,4/1/2000,N,2000
799,3,Lester Velasquez,Zahir@magna.net,3/31/2019,163-241-0268,10/4/2000,N,2000
800,3,Zeus Wilder,Raven@dis.edu,4/9/2019,128-429-3411,4/9/2001,N,2001
5001,5,Shoshana,Phillip@sollicitudin.gov,6/5/2017,835-518-3912,3/5/1984,N,1984
5002,5,Brittany,Quinlan@vestibulum.us,3/4/2018,143-096-8722,2/1/1991,N,1991
5003,5,Sade,Medge@sagittis.com,2/20/2018,651-557-0819,10/14/1990,N,1990
5004,5,Melodie,Regan@suscipit.us,6/14/2018,929-861-6870,11/3/1982,F,1982
5005,5,Kasimir,Xanthus@interdum.net,4/23/2018,503-438-2320,5/11/1992,N,1992
5006,5,Demetria,Charles@hymenaeos.org,10/12/2018,435-646-9201,9/21/1996,N,1996
5007,5,Jin,Giacomo@nunc.net,4/24/2017,389-817-5654,2/1/1983,N,1983
5008,5,Noelle,Jane@conubia.net,10/16/2017,401-934-3274,12/16/1967,F,1967
5009,5,Barry,Dawn@sapien.net,3/1/2019,030-626-9796,11/29/1998,M,1998
5010,5,Elton,Galvin@blandit.edu,8/22/2017,528-566-4659,8/8/1964,M,1964
5011,5,Zia,Gavin@Morbi.com,8/15/2018,764-754-9546,9/1/1986,F,1986
5012,5,Cheyenne,Ronan@metus.org,6/30/2017,402-678-4058,4/17/1961,F,1961
5013,5,Dillon,Yeo@hendrerit.edu,8/21/2017,732-348-5940,2/12/1986,N,1986
5014,5,Ira,Lance@Praesent.net,3/26/2018,838-138-3783,11/24/1977,M,1977
5015,5,Quintessa,Duncan@natoque.gov,9/23/2017,552-162-8123,7/16/1966,F,1966
5016,5,Althea,Callum@lacus.net,11/17/2018,208-709-0123,8/19/1997,N,1997
5017,5,Clio,Noel@torquent.org,1/25/2019,454-957-1429,5/23/1999,N,1999
5018,5,Zena,Brent@ultricies.net,2/7/2017,414-926-5310,7/3/1952,F,1952
5019,5,Vaughan,Zeph@sodales.gov,4/4/2018,312-575-3822,11/16/1991,N,1991
5020,5,Mason,Cailin@Nullam.gov,11/10/2017,260-770-2460,7/14/1969,M,1969
5021,5,Scarlet,Kyle@ut.gov,3/5/2018,373-456-7536,8/8/1976,F,1976
5022,5,Galena,Graham@sapien.com,9/9/2017,875-814-3354,8/8/1986,N,1986
5023,5,Andrew,Perry@Duis.edu,11/14/2017,989-268-3119,10/1/1969,M,1969
5024,5,Celeste,Velma@hendrerit.gov,3/21/2017,152-947-7785,3/28/1982,N,1982
5025,5,Jena,Phelan@in.edu,1/18/2017,152-259-6309,8/29/1980,N,1980
5026,5,Kibo,Justin@pulvinar.edu,10/20/2017,495-077-1790,3/31/1968,M,1968
5027,5,Madison,Brody@consectetuer.us,8/19/2018,796-376-4760,12/14/1986,F,1986
5028,5,Whoopi,Kelly@turpis.org,7/21/2017,635-964-2113,4/30/1985,N,1985
5029,5,Warren,Merrill@faucibus.us,2/12/2019,245-317-4983,11/2/1997,M,1997
5030,5,Adele,Hayley@a.org,8/8/2017,995-598-2164,9/14/1963,F,1963
5031,5,Ryan,Buckminster@accumsan.us,8/27/2018,452-733-0409,7/28/1995,N,1995
5032,5,Nadine,Holmes@turpis.com,3/23/2018,604-161-8203,9/26/1977,F,1977
5033,5,Nola,Ria@condimentum.com,2/10/2018,523-304-4054,3/9/1975,F,1975
5034,5,Ifeoma,Ulysses@Ut.net,10/11/2017,064-471-1812,9/3/1967,F,1967
5035,5,Shad,India@neque.gov,4/6/2018,506-747-5741,12/8/1991,N,1991
5036,5,Paki,Myles@parturient.com,2/2/2017,821-335-4845,3/1/1952,M,1952
5037,5,Claudia,Uriah@mauris.net,3/14/2019,111-270-6796,9/17/1999,F,1999
5038,5,Ethan,Guy@sociosqu.edu,6/17/2018,523-998-7504,1/16/1983,M,1983
5039,5,Buckminster,Helen@ligula.com,3/5/2018,339-575-8262,8/11/1976,M,1976
5040,5,Sandra,George@pede.com,6/29/2018,801-855-1031,1/21/1994,N,1994
5041,5,Yasir,Rae@ac.edu,12/12/2017,719-108-6394,6/19/1971,M,1971
5042,5,Sara,Carson@varius.net,9/14/2017,005-902-1147,9/21/1986,N,1986
5043,5,Joseph,Mufutau@ridiculus.com,12/15/2017,860-861-9854,9/5/1971,M,1971
5044,5,Kyla,Tyler@non.us,7/27/2017,958-484-3738,12/30/1962,F,1962
5045,5,Hall,Grady@viverra.gov,4/9/2019,141-386-1471,4/9/2001,M,2001
5046,5,Sierra,Anthony@Class.us,11/14/2017,559-739-1508,4/19/1988,N,1988
5047,5,Hector,Willa@tortor.com,5/31/2017,714-524-1120,6/16/1959,M,1959
5048,5,Jin,Lewis@sem.org,4/4/2019,636-079-5610,2/23/2001,N,2001
5049,5,Vaughan,Hammett@primis.gov,5/31/2018,850-211-8761,4/30/1993,N,1993
5050,5,Roary,Hyatt@senectus.com,6/30/2018,639-964-1848,11/1/1983,F,1983
5051,5,Kyla,Burke@pharetra.gov,2/13/2018,645-456-4827,8/8/1990,N,1990
5052,5,Bryar,Deborah@mauris.us,2/21/2018,599-472-2561,11/23/1975,F,1975
5053,5,Reagan,Illana@bibendum.edu,1/4/2019,175-540-6733,6/17/1995,F,1995
5054,5,Ulysses,Linus@egestas.org,11/14/2018,907-601-7860,7/28/1997,N,1997
5055,5,Catherine,Abel@luctus.gov,6/7/2017,143-651-4247,11/16/1959,F,1959
5056,5,Yasir,Brock@dictum.net,7/22/2017,061-925-2978,9/3/1962,M,1962
5057,5,Zephania,Ingrid@Curabitur.org,2/25/2019,045-239-2781,3/6/2000,N,2000
5058,5,Cairo,Regina@rutrum.org,4/2/2018,535-386-5884,4/29/1978,M,1978
5059,5,Martena,Latifah@purus.com,2/28/2019,483-038-6849,11/10/1998,F,1998
5060,5,Hilda,Marah@morbi.com,1/16/2018,834-045-8923,8/17/1973,F,1973
5061,5,Yoko,Haley@sed.com,12/17/2017,778-451-1040,10/14/1971,F,1971
5062,5,Leila,Destiny@Cras.net,3/12/2018,893-303-6522,1/11/1977,F,1977
5063,5,Cynthia,Len@Morbi.us,3/1/2019,136-049-5766,4/19/2000,N,2000
5064,5,Solomon,Shannon@Vestibulum.edu,6/14/2018,090-926-2119,10/30/1982,M,1982
5065,5,Odessa,Noel@quis.us,9/4/2017,155-036-1690,5/28/1965,F,1965
5066,5,Justin,Angela@Mauris.com,4/16/2018,892-756-0906,3/9/1979,M,1979
5067,5,Paki,Deirdre@conubia.net,1/28/2017,697-157-0647,11/26/1980,N,1980
5068,5,Ori,Fallon@aptent.com,8/10/2017,859-086-4788,11/5/1963,F,1963
5069,5,Brian,Yen@non.us,2/16/2018,639-535-0494,7/16/1975,M,1975
5070,5,Mallory,Sophia@nibh.edu,5/22/2018,755-892-4349,6/4/1981,F,1981
5071,5,Beau,Rose@Vivamus.gov,12/1/2017,940-695-0745,10/27/1970,M,1970
5072,5,Althea,Colin@In.com,3/2/2017,265-479-9112,10/2/1981,N,1981
5073,5,Urielle,Wyatt@conubia.com,11/19/2017,749-707-2995,1/30/1970,F,1970
5074,5,Miriam,Vaughan@facilisis.net,2/19/2018,416-488-1852,10/3/1975,F,1975
5075,5,Adrian,Leslie@viverra.com,5/17/2017,519-675-5830,9/10/1983,N,1983
5076,5,Guinevere,Beck@lorem.gov,12/26/2018,792-225-9636,11/22/1994,F,1994
5077,5,Adria,Karen@placerat.edu,2/25/2018,262-828-2176,11/27/1990,N,1990
5078,5,Gage,Dana@Curabitur.net,4/14/2017,090-829-2339,11/4/1982,N,1982
5079,5,Sybil,Louis@adipiscing.org,1/31/2017,981-129-9290,1/30/1952,F,1952
5080,5,Elmo,Macaulay@Cum.us,9/26/2018,683-004-1071,4/6/1989,M,1989
5081,5,Brady,Courtney@magnis.net,5/15/2018,414-204-4561,11/26/1992,N,1992
5082,5,Roth,Vladimir@Quisque.net,11/24/2017,061-527-8955,5/24/1970,M,1970
5083,5,Yardley,Neve@Class.gov,2/10/2019,085-930-2719,10/25/1999,N,1999
5084,5,Randall,Charity@nibh.net,6/3/2018,551-416-9431,5/23/1993,N,1993
5085,5,Ray,Nigel@ultrices.us,9/2/2017,668-644-6225,3/31/1965,M,1965
5086,5,Adara,Chaney@accumsan.org,7/14/2018,036-348-1997,9/7/1984,F,1984
5087,5,Sopoline,Nelle@posuere.us,12/24/2018,956-476-8438,10/1/1994,F,1994
5088,5,Megan,Charles@mollis.org,4/22/2018,009-027-9803,8/1/1979,F,1979
5089,5,Mollie,Felicia@dolor.us,8/19/2017,824-848-2525,5/30/1964,F,1964
5090,5,Marsden,Helen@metus.org,11/14/2018,659-011-4235,4/6/1992,M,1992
5091,5,Meghan,Slade@In.org,1/11/2017,687-174-8230,6/24/1980,N,1980
5092,5,Cleo,Lael@montes.gov,8/6/2018,740-341-9235,2/6/1986,F,1986
5093,5,Tiger,Igor@magna.org,11/7/2018,516-070-9394,11/1/1991,M,1991
5094,5,Rogan,Clayton@non.org,4/5/2017,769-376-2504,1/10/1956,M,1956
5095,5,Ferris,Dominic@consectetuer.us,9/23/2017,838-720-1287,7/14/1966,M,1966
5096,5,Kai,Cade@Aliquam.org,4/8/2018,379-957-8974,9/24/1978,F,1978
5097,5,Yuli,Jakeem@turpis.org,10/22/2017,429-805-7863,9/11/1987,N,1987
5098,5,Odessa,Deanna@lacinia.org,10/21/2018,309-117-4600,10/12/1990,F,1990
5099,5,Jillian,Ursa@cursus.gov,5/15/2018,793-155-2087,12/30/1980,F,1980
5100,5,Barclay,Keith@massa.edu,12/22/2017,718-551-8377,2/9/1972,M,1972
5101,5,Justina,Stuart@sem.gov,1/22/2017,604-592-2090,7/7/1951,F,1951
5102,5,Tana,Micah@bibendum.org,7/13/2018,377-309-3376,6/3/1994,N,1994
5103,5,Andrew,Zachery@ullamcorper.gov,4/30/2017,276-599-4806,7/11/1957,M,1957
5104,5,Yasir,Otto@nostra.edu,8/19/2018,008-170-5026,11/26/1986,M,1986
5105,5,Ruth,Ulric@montes.us,8/8/2018,150-309-3549,3/30/1986,F,1986
5106,5,Janna,Daquan@massa.net,1/11/2019,685-029-8856,11/19/1995,F,1995
5107,5,Kasimir,Dale@at.org,10/17/2017,511-940-0148,1/13/1968,M,1968
5108,5,Jenette,Neville@neque.org,1/20/2018,853-120-4552,12/30/1989,N,1989
5109,5,Tashya,Daria@Quisque.com,10/18/2017,353-896-8468,2/6/1968,F,1968
5110,5,Ursula,Teagan@sapien.gov,12/1/2018,657-665-0802,12/30/1997,N,1997
5111,5,Amir,Craig@Donec.net,4/2/2018,574-775-6882,10/25/1991,N,1991
5112,5,Amos,Isaiah@mauris.net,8/15/2017,560-395-0928,3/4/1964,M,1964
5113,5,Jennifer,Warren@nonummy.gov,1/25/2017,195-810-9465,11/4/1980,N,1980
5114,5,Edward,Sacha@a.org,10/2/2018,629-183-0571,6/25/1996,N,1996
5115,5,Carol,Francis@Aenean.net,1/21/2017,580-733-6882,9/21/1980,N,1980
5116,5,Rafael,Carol@fringilla.com,8/12/2017,366-625-0940,12/17/1963,M,1963
5117,5,Karyn,Galvin@Nam.net,12/27/2017,483-587-4989,5/22/1989,N,1989
5118,5,Belle,Tanisha@orci.gov,3/17/2019,613-992-3485,11/8/1999,F,1999
5119,5,Devin,Joelle@nunc.com,3/31/2017,815-625-7635,6/25/1982,N,1982
5120,5,Mark,Cheryl@et.org,3/20/2019,064-490-1526,10/13/2000,N,2000
5121,5,Mollie,Chester@Maecenas.org,11/10/2018,175-829-3649,1/21/1992,F,1992
5122,5,Fallon,Montana@convallis.us,5/19/2017,007-979-5386,9/28/1958,F,1958
5123,5,Audrey,Carissa@taciti.org,4/2/2019,329-140-9841,11/4/2000,F,2000
5124,5,Hashim,Karen@ac.gov,12/8/2017,795-687-5681,4/2/1971,M,1971
5125,5,Astra,Declan@suscipit.us,5/24/2018,511-266-7056,2/23/1993,N,1993
5126,5,Paloma,Samson@id.net,5/10/2017,629-257-4633,3/5/1958,F,1958
5127,5,Whilemina,Constance@malesuada.com,7/16/2018,109-125-1344,10/28/1984,F,1984
5128,5,Maxwell,Azalia@Curabitur.gov,2/8/2018,397-196-9361,6/25/1990,N,1990
5129,5,Lane,Jillian@pretium.com,2/1/2017,027-524-3589,1/9/1981,N,1981
5130,5,Joan,Mari@varius.org,7/30/2017,130-762-2666,7/28/1985,N,1985
5131,5,Reuben,Lunea@pretium.edu,4/16/2017,391-345-8403,9/1/1956,M,1956
5132,5,Ashton,Signe@vehicula.org,7/29/2018,414-902-8566,8/13/1985,M,1985
5133,5,Rana,Wang@inceptos.org,5/5/2017,624-062-5544,5/23/1983,N,1983
5134,5,Hamish,Deacon@sociosqu.us,12/4/2018,358-197-9302,7/20/1993,M,1993
5135,5,Irma,Davis@porttitor.org,1/18/2019,668-623-5252,4/22/1996,F,1996
5136,5,Donovan,Kai@amet.us,3/26/2019,516-907-6616,5/30/2000,M,2000
5137,5,Ruth,Yoko@primis.gov,6/23/2017,229-461-5730,11/13/1960,F,1960
5138,5,Charles,Arsenio@tincidunt.edu,3/8/2019,688-752-1279,5/5/1999,M,1999
5139,5,Myles,Montana@pulvinar.net,9/30/2017,360-436-4322,2/23/1987,N,1987
5140,5,Tarik,Lacota@sollicitudin.com,11/24/2018,953-082-0773,10/25/1997,N,1997
5141,5,Florence,Devin@sed.org,9/16/2018,996-399-6514,1/22/1996,N,1996
5142,5,Debra,Armand@elementum.org,3/16/2019,221-105-2873,8/30/2000,N,2000
5143,5,Amos,Germane@penatibus.us,1/29/2018,083-299-5133,6/20/1974,M,1974
5144,5,Denise,Caleb@sem.edu,3/3/2019,781-285-9636,1/1/1999,F,1999
5145,5,Nita,Idona@varius.com,9/9/2018,014-260-7499,3/24/1988,F,1988
5146,5,Leigh,Tatiana@Class.us,10/17/2018,196-047-1993,11/4/1996,N,1996
5147,5,Gregory,Desiree@varius.edu,11/27/2018,358-186-7038,2/13/1993,M,1993
5148,5,Willow,Malachi@laoreet.com,11/26/2018,612-962-3656,1/17/1993,F,1993
5149,5,Noel,Zephr@conubia.edu,6/14/2017,636-542-1783,4/20/1960,F,1960
5150,5,Austin,Erin@vehicula.us,12/11/2018,391-638-6296,12/24/1993,M,1993
5151,5,Sophia,Kyla@augue.net,10/26/2017,186-108-0474,10/25/1987,N,1987
5152,5,Reese,Vaughan@habitant.gov,5/20/2017,582-152-1638,10/24/1958,M,1958
5153,5,Dominique,Ori@dui.com,2/23/2017,372-303-7067,6/30/1953,F,1953
5154,5,Abraham,Stone@senectus.edu,10/21/2018,693-649-2351,12/19/1996,N,1996
5155,5,Tashya,Debra@eu.edu,8/25/2018,848-466-9277,7/6/1995,N,1995
5156,5,Blaze,Ashely@quis.edu,2/19/2019,496-908-2991,4/8/1998,M,1998
5157,5,Kenneth,Sawyer@arcu.com,9/19/2017,428-541-3414,4/26/1966,M,1966
5158,5,Bruno,Constance@tincidunt.gov,5/22/2018,048-633-2335,2/1/1993,N,1993
5159,5,Avram,Noelani@posuere.edu,5/27/2018,263-118-5732,10/3/1981,M,1981
5160,5,Velma,Drake@id.net,6/12/2018,712-390-5849,9/13/1982,F,1982
5161,5,Amity,Ashely@scelerisque.gov,4/4/2017,477-514-8584,8/8/1982,N,1982
5162,5,Carol,Willow@tellus.org,10/27/2018,180-429-2795,3/16/1991,F,1991
5163,5,Craig,Tatum@placerat.com,7/8/2018,168-374-0876,4/20/1994,N,1994
5164,5,Brady,Kimberly@arcu.org,8/8/2018,414-449-2034,2/1/1995,N,1995
5165,5,Cole,Declan@Cras.edu,3/2/2017,020-412-3304,11/18/1953,M,1953
5166,5,Tanek,Upton@pulvinar.gov,9/22/2018,385-098-4279,1/17/1989,M,1989
5167,5,Avram,Fuller@Pellentesque.net,8/18/2017,213-882-9939,1/21/1986,N,1986
5168,5,Warren,Phoebe@scelerisque.com,7/30/2018,104-561-2134,11/5/1994,N,1994
5169,5,Gail,Lani@viverra.net,8/1/2018,181-989-4834,10/26/1985,F,1985
5170,5,Heather,Brianna@interdum.edu,2/28/2017,144-085-7920,10/12/1953,F,1953
5171,5,Skyler,Jordan@blandit.us,7/16/2017,483-891-0322,4/15/1962,F,1962
5172,5,Wendy,Hyacinth@faucibus.org,4/19/2017,834-780-0046,11/24/1956,F,1956
5173,5,Noble,Whitney@odio.net,4/12/2017,162-328-7170,6/15/1956,M,1956
5174,5,Jelani,Rajah@ligula.com,2/9/2017,063-305-8816,3/17/1981,N,1981
5175,5,Tobias,Kimberley@aliquet.gov,1/22/2017,896-804-7572,7/10/1951,M,1951
5176,5,Rogan,Ishmael@laoreet.com,5/3/2017,228-356-8288,5/1/1983,N,1983
5177,5,Morgan,Barrett@tristique.gov,9/23/2018,998-712-9101,1/29/1989,F,1989
5178,5,Lee,Anastasia@ornare.com,12/15/2017,612-033-0076,2/1/1989,N,1989
5179,5,Caleb,Kylee@rutrum.gov,8/15/2018,745-334-0310,9/9/1986,M,1986
5180,5,Baker,Lewis@ad.edu,11/19/2018,337-985-2704,9/10/1997,N,1997
5181,5,Denton,Michelle@posuere.us,6/14/2017,182-084-7548,4/25/1960,M,1960
5182,5,Madison,Felicia@magnis.edu,11/15/2018,291-404-7299,5/4/1992,F,1992
5183,5,Kameko,Arden@interdum.edu,6/25/2017,190-734-9216,1/4/1961,F,1961
5184,5,Chaim,Berk@tempus.gov,1/22/2019,657-462-6151,7/20/1996,M,1996
5185,5,Maris,Tamekah@sagittis.edu,3/28/2019,993-087-6709,7/24/2000,F,2000
5186,5,Oprah,Chadwick@purus.gov,6/25/2018,690-541-9643,7/20/1983,F,1983
5187,5,Darryl,Katelyn@dui.edu,12/1/2018,884-693-1637,5/1/1993,F,1993
5188,5,Dai,Amos@Duis.gov,10/4/2017,625-126-2028,4/1/1967,F,1967
5189,5,Rebekah,Judith@netus.org,8/26/2017,732-980-7720,11/2/1964,F,1964
5190,5,Jonah,Emmanuel@Curae.us,2/22/2018,413-164-0301,12/20/1975,M,1975
5191,5,Kirk,Nero@montes.edu,3/14/2017,774-715-7815,1/21/1982,N,1982
5192,5,Castor,India@metus.org,4/19/2017,990-466-4880,12/19/1982,N,1982
5193,5,Margaret,Cain@dolor.gov,1/6/2018,203-432-9720,1/22/1973,F,1973
5194,5,Andrew,Lance@Nunc.net,3/25/2019,408-989-1424,11/27/2000,N,2000
5195,5,Sasha,Armando@conubia.org,5/17/2018,297-315-1892,2/20/1981,F,1981
5196,5,Nelle,Chaney@nostra.org,4/9/2017,312-047-9832,9/21/1982,N,1982
5197,5,Derek,Kennan@posuere.net,8/26/2018,749-469-4407,5/2/1987,M,1987
5198,5,Leigh,Caldwell@quis.org,8/17/2018,708-792-1233,10/23/1986,F,1986
5199,5,Gail,Whoopi@non.edu,7/27/2018,099-392-7300,10/14/1994,N,1994
5200,5,Henry,Amery@turpis.net,6/7/2017,478-143-2547,11/20/1959,M,1959
5201,5,Lamar,Cameron@Sed.gov,12/10/2018,355-552-6016,3/29/1998,N,1998
5202,5,Garrison,Rose@per.edu,12/25/2017,443-656-0284,4/30/1989,N,1989
5203,5,Uriah,Celeste@est.net,6/10/2017,985-548-1184,2/6/1960,M,1960
5204,5,Fredericka,Jenna@velit.com,9/2/2017,813-917-4539,4/6/1965,F,1965
5205,5,Keith,Noble@justo.edu,2/27/2019,025-654-7691,3/28/2000,N,2000
5206,5,Lesley,Thomas@ipsum.org,4/17/2018,790-752-6806,4/19/1979,F,1979
5207,5,Willa,Garth@non.gov,8/22/2018,345-551-4297,2/4/1987,F,1987
5208,5,Forrest,Aidan@magnis.com,1/15/2019,432-049-8822,2/15/1996,M,1996
5209,5,Louis,Astra@Curabitur.gov,3/22/2018,704-155-1172,9/6/1977,M,1977
5210,5,Ori,Colt@Proin.org,6/5/2018,178-588-4005,6/14/1993,N,1993
5211,5,Halla,Keely@varius.com,7/1/2018,059-261-8088,2/12/1994,N,1994
5212,5,Nayda,Peter@tempus.us,1/13/2018,661-065-1100,6/26/1973,F,1973
5213,5,Tanya,Erich@lectus.edu,5/8/2018,819-987-8541,7/28/1980,F,1980
5214,5,Stephen,Sawyer@ullamcorper.us,4/2/2017,511-683-2944,10/24/1955,M,1955
5215,5,Yuli,Rajah@Donec.gov,4/12/2017,133-489-4410,10/13/1982,N,1982
5216,5,Adena,Yoko@nonummy.com,2/5/2018,819-266-0332,11/26/1974,F,1974
5217,5,Kennan,Maisie@eros.edu,1/1/2018,680-885-7966,10/1/1972,M,1972
5218,5,Xaviera,Upton@Nulla.com,7/28/2018,362-335-0725,7/14/1985,F,1985
5219,5,Ariana,Reed@vel.edu,7/7/2017,981-591-3131,9/20/1961,F,1961
5220,5,Danielle,Walker@primis.com,10/23/2017,177-450-0154,5/19/1968,F,1968
5221,5,Stephanie,Ramona@hendrerit.edu,10/19/2018,203-237-9851,11/27/1996,N,1996
5222,5,Hayden,Irene@ultricies.com,8/4/2017,331-772-7148,9/10/1985,N,1985
5223,5,Howard,Vaughan@Nam.net,8/9/2017,116-641-7747,10/24/1985,N,1985
5224,5,Summer,Tobias@ut.edu,12/15/2018,396-377-4461,3/8/1994,F,1994
5225,5,Ima,Eleanor@amet.net,7/25/2018,932-763-9007,9/22/1994,N,1994
5226,5,Kiayada,Latifah@volutpat.us,5/19/2018,737-254-8561,1/10/1993,N,1993
5227,5,Dawn,Dane@vulputate.us,9/30/2017,428-464-8163,12/18/1966,F,1966
5228,5,Charde,Adrian@tortor.edu,1/6/2017,349-505-8576,7/9/1950,F,1950
5229,5,Camilla,Emerson@venenatis.edu,3/21/2018,234-434-5624,8/6/1977,F,1977
5230,5,Teagan,Gregory@Morbi.us,3/30/2019,291-782-4098,1/10/2001,N,2001
5231,5,Nyssa,Brandon@velit.org,6/17/2018,199-180-8519,10/2/1993,N,1993
5232,5,Victoria,Serena@faucibus.edu,11/7/2017,229-516-2155,2/12/1988,N,1988
5233,5,Sean,Lila@sit.com,1/15/2019,234-776-8483,2/24/1999,N,1999
5234,5,Mark,Troy@natoque.org,5/27/2017,761-662-6613,3/30/1959,M,1959
5235,5,Hamilton,Zephania@Vivamus.gov,7/19/2017,815-241-7834,6/17/1962,M,1962
5236,5,Oren,Hanna@sit.org,3/26/2018,205-410-6631,8/20/1991,N,1991
5237,5,Gavin,Allen@quis.us,2/9/2017,130-526-4232,8/5/1952,M,1952
5238,5,Sasha,Deacon@est.com,12/25/2018,190-698-3352,8/8/1998,N,1998
5239,5,Irene,Yvonne@posuere.org,10/9/2018,954-244-6319,8/30/1996,N,1996
5240,5,Uriel,Celeste@mi.com,7/20/2018,496-090-0538,8/8/1994,N,1994
5241,5,Belle,Rafael@Nam.edu,1/27/2017,309-327-0814,10/18/1951,F,1951
5242,5,Flynn,Leonard@Quisque.com,9/18/2018,277-844-9937,2/13/1996,N,1996
5243,5,Jordan,Jonah@egestas.us,5/13/2017,686-827-2302,7/28/1983,N,1983
5244,5,Hiroko,Jesse@tempus.org,8/31/2017,953-888-0110,2/13/1965,F,1965
5245,5,Colton,Wilma@turpis.us,7/22/2018,713-783-5494,3/10/1985,M,1985
5246,5,Hamilton,Clayton@Quisque.net,2/16/2017,988-058-1737,1/9/1953,M,1953
5247,5,Delilah,Wayne@tellus.org,4/14/2018,232-324-8136,2/13/1992,N,1992
5248,5,Ulysses,Aquila@elit.com,3/29/2017,177-660-1818,8/6/1955,M,1955
5249,5,Carla,Hector@accumsan.edu,12/6/2017,108-926-4146,11/4/1988,N,1988
5250,5,Marshall,Garrison@Class.edu,4/9/2018,300-036-1127,10/3/1978,M,1978
5251,5,Daquan,Moses@placerat.gov,8/8/2018,586-264-7261,4/5/1986,M,1986
5252,5,Ethan,Hyacinth@volutpat.edu,11/28/2017,505-955-9439,8/10/1970,M,1970
5253,5,Lester,Hermione@penatibus.us,10/24/2017,838-321-7219,6/18/1968,M,1968
5254,5,Destiny,Dante@quam.org,5/8/2017,192-555-4995,1/12/1958,F,1958
5255,5,Peter,Zachary@sollicitudin.gov,1/8/2017,647-631-6884,8/31/1950,M,1950
5256,5,Galvin,Buffy@vehicula.net,8/28/2017,761-805-7358,4/19/1986,N,1986
5257,5,Elijah,Alexa@id.net,2/28/2017,017-645-0645,9/10/1981,N,1981
5258,5,Zachery,Kaseem@turpis.gov,4/2/2017,564-095-4557,7/17/1982,N,1982
5259,5,Ima,Hanae@ultrices.net,5/6/2017,424-630-8237,11/22/1957,F,1957
5260,5,Deanna,Keith@sagittis.org,12/1/2017,193-895-2887,10/16/1970,F,1970
5261,5,Vernon,Mariko@ante.edu,11/17/2017,525-598-5856,12/18/1969,M,1969
5262,5,Wanda,Kylie@sociosqu.us,9/18/2017,611-393-9794,4/3/1966,F,1966
5263,5,Pearl,Eugenia@nunc.edu,8/12/2017,847-174-8354,12/27/1963,F,1963
5264,5,Marny,Stella@diam.com,1/15/2017,457-757-6039,2/1/1951,F,1951
5265,5,Dante,Clarke@leo.net,2/15/2018,232-327-9610,8/30/1990,N,1990
5266,5,Forrest,Emerald@pretium.org,4/26/2018,182-937-0529,10/30/1979,M,1979
5267,5,Chandler,Jessica@purus.edu,4/26/2018,517-061-8762,6/2/1992,N,1992
5268,5,Mercedes,Anika@cursus.org,1/25/2019,859-783-2584,9/25/1996,F,1996
5269,5,Raja,Kelsey@Curabitur.org,3/18/2018,476-330-1786,6/14/1991,N,1991
5270,5,Arden,Nora@viverra.org,4/28/2018,154-001-9588,6/24/1992,N,1992
5271,5,TaShya,Kasimir@ipsum.gov,12/30/2017,320-664-2499,8/19/1972,F,1972
5272,5,Jerome,Kyra@pretium.net,7/9/2017,200-223-9574,1/9/1985,N,1985
5273,5,India,Janna@magna.org,2/19/2017,002-041-5490,3/19/1953,F,1953
5274,5,Garrett,Plato@Aliquam.com,1/15/2018,416-019-0682,8/10/1973,M,1973
5275,5,Bo,Francesca@consequat.net,9/16/2018,484-025-4659,8/26/1988,F,1988
5276,5,Ralph,Nathaniel@congue.edu,1/5/2019,044-212-0921,6/25/1995,M,1995
5277,5,Yetta,Adrian@in.gov,12/17/2018,544-543-6892,6/3/1998,N,1998
5278,5,Ginger,Xyla@Nullam.us,3/14/2018,951-084-8682,3/3/1977,F,1977
5279,5,Marshall,Samuel@ultrices.edu,2/4/2017,064-915-7088,1/31/1981,N,1981
5280,5,Juliet,Angela@ante.net,5/6/2018,110-982-8209,6/6/1980,F,1980
5281,5,Bevis,Angela@fringilla.edu,12/11/2017,254-425-5537,12/18/1988,N,1988
5282,5,Deacon,Gage@In.com,9/26/2017,576-293-5921,9/30/1966,M,1966
5283,5,Christopher,Driscoll@consectetuer.gov,10/13/2017,860-520-5537,10/27/1967,M,1967
5284,5,Amber,Rebecca@Nunc.gov,10/29/2017,337-225-6048,10/21/1968,F,1968
5285,5,Teegan,Craig@dignissim.net,1/11/2018,996-577-3859,5/5/1973,F,1973
5286,5,Benedict,Adrienne@nascetur.us,12/29/2018,935-535-6082,1/19/1995,M,1995
5287,5,Galena,April@Cras.gov,5/7/2018,732-927-7206,9/21/1992,N,1992
5288,5,Nissim,Unity@facilisi.org,5/13/2018,099-398-2956,11/24/1980,M,1980
5289,5,Berk,Peter@sem.edu,12/25/2017,642-010-6737,4/27/1972,M,1972
5290,5,Bree,Patience@nostra.com,3/16/2017,254-001-5440,2/12/1982,N,1982
5291,5,Grace,Preston@fermentum.com,1/29/2017,931-391-4698,12/9/1951,F,1951
5292,5,Xyla,Lester@tristique.com,4/29/2017,346-460-7226,6/19/1957,F,1957
5293,5,Connor,Breanna@Class.gov,9/30/2017,089-233-2747,12/17/1966,M,1966
5294,5,Isabella,Talon@mollis.net,3/30/2017,261-203-0848,8/16/1955,F,1955
5295,5,Macaulay,Cally@Sed.edu,9/2/2017,529-966-5403,6/3/1986,N,1986
5296,5,Noble,Joseph@diam.edu,7/15/2017,693-736-9309,3/30/1962,M,1962
5297,5,Cassandra,Fitzgerald@vulputate.com,11/12/2017,064-116-7578,8/28/1969,F,1969
5298,5,Emmanuel,Reece@Integer.gov,10/27/2017,753-120-3347,9/4/1968,M,1968
5299,5,Joan,Owen@Donec.org,5/20/2018,226-911-6174,4/13/1981,F,1981
5300,5,Amanda,Ella@tempor.gov,1/16/2017,960-011-9461,8/7/1980,N,1980
5301,5,Oliver,Hedley@erat.com,8/29/2018,005-168-2905,7/19/1987,M,1987
5302,5,Kermit,Tara@libero.org,1/19/2017,465-652-0937,4/23/1951,M,1951
5303,5,Dara,Ulla@netus.com,4/27/2018,606-239-7351,11/12/1979,F,1979
5304,5,Hadassah,Whoopi@accumsan.org,9/13/2017,353-799-5946,12/21/1965,F,1965
5305,5,Patience,Idona@lacus.us,2/10/2017,070-233-0225,8/24/1952,F,1952
5306,5,Kylynn,Shoshana@massa.us,6/27/2017,531-931-9507,9/21/1984,N,1984
5307,5,Luke,Mary@Aenean.org,2/12/2017,025-781-5658,10/22/1952,M,1952
5308,5,Fulton,Dexter@convallis.org,4/9/2017,120-529-9185,3/28/1956,M,1956
5309,5,Shannon,Marny@elit.org,6/16/2017,657-751-9324,6/11/1960,F,1960
5310,5,Michael,Dolan@scelerisque.us,5/24/2018,316-013-9732,7/17/1981,M,1981
5311,5,Bradley,Lev@Donec.net,4/11/2018,860-325-3375,1/21/1992,N,1992
5312,5,Irma,Lucius@sagittis.gov,5/1/2018,113-289-9591,2/24/1980,F,1980
5313,5,Stuart,Signe@enim.us,7/8/2017,874-823-7184,10/25/1961,M,1961
5314,5,Xaviera,Isaiah@nisi.org,11/29/2017,438-601-4225,8/30/1988,N,1988
5315,5,Lee,Quin@habitant.edu,6/13/2017,344-283-6053,5/11/1984,N,1984
5316,5,Ruth,Joel@Praesent.net,4/10/2017,064-678-7794,5/1/1956,F,1956
5317,5,Leslie,Libby@non.com,1/13/2017,759-809-5785,7/16/1980,N,1980
5318,5,Scarlett,Cleo@ante.net,1/27/2018,987-998-0467,3/6/1990,N,1990
5319,5,Leroy,Alika@Vivamus.com,12/8/2018,873-918-1365,3/6/1998,N,1998
5320,5,Hillary,Ifeoma@Vestibulum.gov,4/1/2019,410-133-3132,2/1/2001,N,2001
5321,5,Lillian,Leslie@commodo.edu,12/22/2018,459-781-8093,8/10/1994,F,1994
5322,5,Colby,Zelda@sociis.org,4/23/2017,981-321-7303,2/5/1957,M,1957
5323,5,Darryl,Yvette@fames.com,3/7/2018,141-084-6498,9/29/1976,F,1976
5324,5,Aquila,Breanna@metus.edu,5/10/2018,057-816-8511,9/7/1980,M,1980
5325,5,Madeson,Adena@sagittis.gov,7/18/2018,039-136-9553,7/17/1994,N,1994
5326,5,Noble,Chloe@erat.gov,9/28/2017,274-565-2299,2/1/1987,N,1987
5327,5,Alisa,Hillary@Fusce.edu,1/23/2019,019-961-8396,8/4/1996,F,1996
5328,5,Madeline,Charde@dictum.org,2/11/2018,966-489-3284,7/17/1990,N,1990
5329,5,Reuben,Colette@facilisi.us,9/5/2017,457-540-8309,6/17/1965,M,1965
5330,5,Arden,Audrey@a.us,5/3/2017,548-136-1769,9/28/1957,M,1957
5331,5,Nicole,Adele@varius.us,3/16/2018,552-890-1935,4/24/1977,F,1977
5332,5,Joel,Duncan@condimentum.edu,4/21/2018,094-040-0151,4/19/1992,N,1992
5333,5,Robert,Guy@sodales.us,11/12/2018,857-004-1975,7/6/1997,N,1997
5334,5,Emerson,Aimee@venenatis.com,12/25/2018,686-016-0404,11/2/1994,M,1994
5335,5,Lareina,Unity@magna.edu,1/4/2018,189-863-9994,7/28/1989,N,1989
5336,5,Flynn,Bert@Nulla.net,9/15/2018,367-050-1539,8/14/1988,M,1988
5337,5,Salvador,Piper@dolor.gov,7/6/2018,743-523-9186,3/28/1994,N,1994
5338,5,Nola,Barbara@tellus.net,8/3/2017,824-985-1246,6/3/1963,F,1963
5339,5,Anika,Rebekah@pellentesque.org,9/18/2017,299-701-2190,11/5/1986,N,1986
5340,5,Quinn,Basia@rhoncus.net,5/27/2018,752-271-5902,3/17/1993,N,1993
5341,5,Murphy,Ivory@pharetra.edu,12/3/2018,780-739-3789,1/21/1998,N,1998
5342,5,Guinevere,Kameko@mattis.us,6/21/2018,530-371-1131,4/8/1983,F,1983
5343,5,Amir,Shad@vel.com,1/19/2019,325-179-5859,5/3/1996,M,1996
5344,5,Brenda,Tana@Quisque.edu,4/3/2017,373-389-1076,11/28/1955,F,1955
5345,5,Heidi,Ignacia@augue.us,2/24/2018,713-442-9640,1/14/1976,F,1976
5346,5,Dale,Blaze@diam.net,9/27/2018,067-632-9413,5/11/1996,N,1996
5347,5,Laura,Burke@laoreet.gov,12/12/2017,477-187-2394,7/2/1971,F,1971
5348,5,Jeremy,Nash@tellus.us,3/19/2018,199-898-1525,6/20/1977,M,1977
5349,5,Burke,Georgia@dictum.net,8/1/2017,418-483-0923,4/26/1963,M,1963
5350,5,Kai,Astra@fermentum.org,6/17/2017,864-017-8732,6/24/1984,N,1984
5351,5,Ramona,Hadassah@hymenaeos.org,9/28/2018,561-086-4984,5/12/1989,F,1989
5352,5,Vielka,Grady@leo.edu,1/29/2019,552-562-8677,7/6/1999,N,1999
5353,5,Ethan,Colby@natoque.com,7/18/2017,890-766-4385,4/8/1985,N,1985
5354,5,Amber,Tiger@Mauris.com,11/3/2018,237-996-2902,8/19/1991,F,1991
5355,5,Reece,Jesse@inceptos.edu,11/21/2018,439-322-6319,9/10/1992,M,1992
5356,5,Curran,Orli@Nulla.edu,10/31/2017,688-730-1224,12/8/1987,N,1987
5357,5,Griffith,Kylee@malesuada.net,12/18/2017,236-355-7704,2/23/1989,N,1989
5358,5,Holly,Camille@commodo.net,9/25/2017,209-341-1647,9/6/1966,F,1966
5359,5,Slade,Edward@mi.net,11/17/2017,786-552-7269,5/11/1988,N,1988
5360,5,Molly,Amos@malesuada.net,12/26/2017,738-611-7657,5/8/1972,F,1972
5361,5,Merrill,Sylvester@congue.edu,1/12/2017,870-005-5072,11/17/1950,M,1950
5362,5,Michael,Jana@cursus.net,3/6/2019,962-529-6497,6/3/2000,N,2000
5363,5,Dominic,Burton@fames.us,12/18/2017,789-046-7558,11/23/1971,M,1971
5364,5,Iola,Fuller@conubia.org,3/25/2017,920-036-2882,5/5/1955,F,1955
5365,5,Maxine,Raymond@a.gov,4/15/2018,730-929-0278,2/26/1979,F,1979
5366,5,Hilda,Sierra@cubilia.com,1/8/2019,092-120-8580,12/19/1998,N,1998
5367,5,Hakeem,Micah@eget.edu,12/6/2018,750-405-5100,2/12/1998,N,1998
5368,5,Asher,Isaiah@parturient.gov,3/8/2018,853-563-7893,10/28/1976,M,1976
5369,5,Arthur,Brittany@fringilla.gov,10/27/2018,518-376-8581,3/11/1991,M,1991
5370,5,Melanie,Brandon@porta.net,12/1/2017,122-968-5899,9/21/1988,N,1988
5371,5,Cullen,Lawrence@lectus.us,12/20/2017,633-239-1608,3/17/1989,N,1989
5372,5,Garrison,Xander@morbi.gov,2/6/2019,125-660-1353,9/11/1999,N,1999
5373,5,Fletcher,Reagan@mus.edu,5/17/2017,561-734-8636,8/7/1958,M,1958
5374,5,Angela,Dorothy@nostra.gov,4/13/2017,300-315-1026,6/22/1956,F,1956
5375,5,Xantha,Thor@ullamcorper.com,12/3/2017,901-324-2515,12/7/1970,F,1970
5376,5,Gareth,Cyrus@pharetra.gov,7/12/2017,480-567-7288,1/11/1962,M,1962
5377,5,Mia,Colt@malesuada.com,2/12/2017,517-794-1522,10/15/1952,F,1952
5378,5,Hilary,Xavier@magnis.gov,8/13/2018,579-792-3443,3/18/1995,N,1995
5379,5,Ciara,Isabella@tempor.us,2/21/2017,448-426-3315,5/10/1953,F,1953
5380,5,Hoyt,Lucy@magnis.org,8/29/2017,517-444-0395,1/12/1965,M,1965
5381,5,Xena,Odysseus@lobortis.edu,2/1/2018,993-251-5032,8/14/1974,F,1974
5382,5,Fatima,Gemma@egestas.edu,2/6/2018,384-769-1872,6/3/1990,N,1990
5383,5,Melyssa,Adam@Mauris.com,7/11/2018,089-172-5548,5/12/1994,N,1994
5384,5,Mariam,Raymond@Maecenas.com,11/6/2018,116-959-5306,10/9/1991,F,1991
5385,5,Hashim,Jeanette@eu.gov,6/24/2018,983-365-6886,6/22/1983,M,1983
5386,5,Dane,Ezra@diam.com,12/1/2018,627-582-4732,5/3/1993,M,1993
5387,5,Brenda,Jaquelyn@sit.us,6/23/2018,515-040-6905,5/30/1983,F,1983
5388,5,Jerry,Craig@mus.com,8/4/2018,295-133-2848,12/19/1994,N,1994
5389,5,Teegan,Daphne@neque.com,7/20/2017,215-334-0807,7/27/1962,F,1962
5390,5,Meredith,Zelenia@Pellentesque.net,8/10/2018,056-731-7100,5/21/1986,F,1986
5391,5,Uma,Ivory@fames.org,10/2/2017,037-358-0866,2/8/1967,F,1967
5392,5,Chaim,Shelley@Lorem.edu,10/10/2018,912-745-3509,2/13/1990,M,1990
5393,5,Alfreda,Noelle@porttitor.gov,8/17/2017,953-785-4722,4/9/1964,F,1964
5394,5,Phillip,Brendan@feugiat.com,8/11/2018,154-461-6358,2/24/1995,N,1995
5395,5,Dacey,Maile@pretium.edu,2/3/2018,123-170-9877,10/5/1974,F,1974
5396,5,Iris,Herrod@habitant.edu,12/24/2017,272-239-5149,3/17/1972,F,1972
5397,5,Moana,Evan@aptent.us,9/25/2017,267-101-3618,1/10/1987,N,1987
5398,5,Joan,Madaline@eleifend.net,7/25/2018,516-982-7975,5/23/1985,F,1985
5399,5,Howard,Ignatius@fermentum.org,7/26/2017,143-081-8750,11/20/1962,M,1962
5400,5,Felix,Garrett@penatibus.us,2/26/2019,324-947-5337,9/12/1998,M,1998
5401,5,Edan,Macey@amet.com,9/6/2018,586-481-2793,10/25/1995,N,1995
5402,5,Cade,Pearl@Maecenas.com,1/19/2018,686-992-4150,10/28/1973,M,1973
5403,5,Nerea,Brenna@nonummy.com,1/6/2017,021-478-1160,5/11/1980,N,1980
5404,5,Maia,Hayes@Maecenas.com,3/18/2017,429-187-6111,11/30/1954,F,1954
5405,5,Portia,Shelley@fermentum.com,10/27/2017,286-367-4187,8/31/1968,F,1968
5406,5,Caldwell,Xanthus@venenatis.us,12/27/2018,144-282-2407,8/31/1998,N,1998
5407,5,Brenna,Kareem@ante.org,6/16/2018,243-042-0850,12/25/1982,F,1982
5408,5,Todd,Emmanuel@porta.com,7/16/2017,043-623-5166,3/17/1985,N,1985
5409,5,Lucy,Caldwell@dapibus.edu,9/11/2017,468-699-7745,10/30/1965,F,1965
5410,5,Laurel,Daphne@mattis.gov,6/20/2017,840-940-9492,9/22/1960,F,1960
5411,5,Chaim,Hilel@ac.net,4/5/2019,276-505-4679,1/20/2001,M,2001
5412,5,Brielle,Galena@molestie.gov,6/7/2018,167-374-3408,6/1/1982,F,1982
5413,5,Wylie,Hunter@vehicula.com,7/15/2018,873-145-4601,10/4/1984,M,1984
5414,5,Lois,Chester@ullamcorper.edu,6/9/2018,731-604-3630,7/23/1982,F,1982
5415,5,Jamal,Roth@faucibus.com,2/1/2019,511-615-1983,3/12/1997,M,1997
5416,5,Denise,Preston@sollicitudin.us,11/8/2018,922-931-6420,11/30/1991,F,1991
5417,5,Martina,Gage@vitae.net,5/13/2018,818-976-4720,11/9/1980,F,1980
5418,5,Malachi,Ian@tellus.com,3/29/2018,225-708-1961,2/10/1978,M,1978
5419,5,Rhonda,Roary@erat.com,5/10/2018,997-180-7732,9/18/1980,F,1980
5420,5,Jackson,Aurelia@In.org,2/27/2018,384-333-5379,12/19/1990,N,1990
5421,5,Jaime,Hadley@eu.us,4/30/2018,364-533-3393,7/17/1992,N,1992
5422,5,Demetria,Kermit@interdum.gov,2/26/2018,948-218-0897,3/6/1976,F,1976
5423,5,Astra,Lucian@fames.edu,1/4/2018,056-827-0237,12/1/1972,F,1972
5424,5,Willow,Warren@id.net,8/5/2017,798-968-0145,7/25/1963,F,1963
5425,5,Emery,Kennedy@enim.us,9/9/2018,101-451-3071,3/10/1988,M,1988
5426,5,Orli,Ramona@eleifend.org,3/30/2019,667-864-8623,9/13/2000,F,2000
5427,5,Cassandra,Marshall@tempor.edu,11/21/2017,958-104-2136,3/23/1970,F,1970
5428,5,Hall,Tucker@Aliquam.gov,1/8/2019,815-140-7886,9/11/1995,M,1995
5429,5,Angelica,Colorado@quam.us,9/16/2017,397-968-9319,2/11/1966,F,1966
5430,5,Gabriel,Tamara@tortor.net,1/18/2018,277-286-6768,12/8/1989,N,1989
5431,5,Emily,Jeremy@in.edu,3/23/2018,178-935-0829,7/28/1991,N,1991
5432,5,Joy,Lana@augue.org,3/28/2017,544-326-9822,6/2/1982,N,1982
5433,5,Kasimir,Lois@Nunc.net,9/16/2017,664-545-7103,10/13/1986,N,1986
5434,5,Roanna,Cruz@Morbi.gov,1/20/2019,685-266-4060,4/9/1999,N,1999
5435,5,Wynne,Jillian@Class.us,1/9/2018,487-027-6196,3/15/1973,F,1973
5436,5,Shelby,Leilani@aptent.com,11/19/2017,718-324-5331,6/2/1988,N,1988
5437,5,Zelda,Porter@pellentesque.gov,4/6/2019,413-974-4744,3/17/2001,N,2001
5438,5,Kaitlin,Leroy@turpis.gov,12/8/2018,317-489-7639,10/3/1993,F,1993
5439,5,Nichole,Oren@elit.us,5/15/2017,636-328-1654,6/17/1958,F,1958
5440,5,Jeremy,Shelley@Quisque.com,2/19/2017,605-776-1391,3/28/1953,M,1953
5441,5,Adara,Jaime@egestas.edu,7/23/2018,504-533-2969,4/2/1985,F,1985
5442,5,Camilla,Jane@sagittis.net,8/1/2018,047-455-0246,11/27/1994,N,1994
5443,5,Glenna,Mariam@viverra.us,9/20/2017,196-487-1774,5/25/1966,F,1966
5444,5,Fiona,Walker@interdum.edu,7/6/2017,249-704-8148,12/18/1984,N,1984
5445,5,Bradley,Linus@Maecenas.net,2/1/2019,021-301-9427,7/29/1999,N,1999
5446,5,Zachery,Dora@mauris.us,3/7/2017,482-585-2474,11/15/1981,N,1981
5447,5,Declan,Miriam@dapibus.edu,7/4/2018,387-007-2558,3/6/1994,N,1994
5448,5,Mason,Jamalia@elementum.gov,9/11/2018,635-551-8798,12/8/1995,N,1995
5449,5,Alyssa,Ori@placerat.us,1/2/2019,894-331-4804,4/26/1995,F,1995
5450,5,Keefe,Rhoda@tempus.net,7/5/2018,818-993-0376,2/12/1984,M,1984
5451,5,Cassady,Desirae@Nunc.org,12/28/2018,267-564-7453,1/12/1995,F,1995
5452,5,Audrey,Carter@Class.net,10/13/2017,819-323-9968,10/25/1967,F,1967
5453,5,Elvis,Dexter@facilisis.gov,8/26/2017,933-741-8192,10/25/1964,M,1964
5454,5,Mufutau,Amir@amet.org,2/22/2019,061-190-8354,2/13/2000,N,2000
5455,5,Minerva,Brynne@tortor.gov,7/21/2018,233-887-7930,2/9/1985,F,1985
5456,5,Chadwick,Marah@blandit.gov,10/14/2017,315-400-7020,7/6/1987,N,1987
5457,5,Hashim,Otto@pharetra.net,10/6/2017,358-502-5720,5/23/1967,M,1967
5458,5,Brenna,Deacon@Nulla.gov,5/31/2017,939-182-6420,6/14/1959,F,1959
5459,5,Medge,Ariel@dapibus.com,7/23/2017,666-129-8565,9/17/1962,F,1962
5460,5,Byron,Jessica@nisl.com,11/10/2018,211-831-7035,1/19/1992,M,1992
5461,5,Griffin,Marny@malesuada.net,5/24/2017,159-353-9518,1/11/1959,M,1959
5462,5,Jada,Darius@Curae.us,3/5/2019,146-171-8216,2/22/1999,F,1999
5463,5,Hayley,Kiara@auctor.us,4/24/2018,709-655-2644,9/21/1979,F,1979
5464,5,Alisa,Camille@vel.net,6/12/2018,422-925-9381,8/19/1993,N,1993
5465,5,Octavia,Riley@mauris.com,12/12/2018,473-992-9359,1/15/1994,F,1994
5466,5,Jaquelyn,Clementine@blandit.edu,6/18/2018,084-506-5275,2/15/1983,F,1983
5467,5,Edward,Ulla@natoque.us,7/1/2017,307-451-3515,5/21/1961,M,1961
5468,5,Bree,Nora@facilisis.com,3/26/2019,643-454-5914,6/2/2000,F,2000
5469,5,Rhoda,Silas@purus.org,3/16/2017,481-496-9585,10/9/1954,F,1954
5470,5,Aline,Aidan@Lorem.com,10/25/2017,280-989-7369,7/10/1968,F,1968
5471,5,Marah,Jada@mollis.gov,8/25/2017,130-507-0108,3/28/1986,N,1986
5472,5,Gloria,Bruno@magna.net,2/11/2017,073-712-2077,4/8/1981,N,1981
5473,5,Daryl,Melissa@penatibus.org,5/29/2017,639-152-5164,4/23/1959,F,1959
5474,5,Boris,Nash@sapien.us,10/7/2018,838-513-9621,8/8/1996,N,1996
5475,5,Colette,Kellie@imperdiet.org,5/12/2018,545-233-0144,11/4/1992,N,1992
5476,5,Haviva,Vincent@venenatis.edu,10/6/2017,755-139-1279,5/23/1967,F,1967
5477,5,Jaquelyn,Eugenia@inceptos.us,12/17/2018,014-996-8440,4/28/1994,F,1994
5478,5,Marvin,Aidan@Aliquam.edu,9/2/2018,395-875-2643,10/5/1987,M,1987
5479,5,Alfreda,Tyler@Donec.com,2/6/2017,324-567-7492,2/23/1981,N,1981
5480,5,Desiree,Shay@netus.net,4/24/2017,992-018-1375,3/8/1957,F,1957
5481,5,Peter,Marshall@nostra.edu,8/18/2018,908-601-8617,5/1/1995,N,1995
5482,5,Martha,Walter@In.com,10/18/2018,460-939-3610,8/21/1990,F,1990
5483,5,Lucy,Jenette@per.com,1/1/2018,877-410-1368,7/6/1989,N,1989
5484,5,Ira,Laith@placerat.us,4/16/2017,776-003-9601,11/27/1982,N,1982
5485,5,Shelly,Tana@ultricies.com,11/12/2018,981-296-8007,3/13/1992,F,1992
5486,5,Odette,Walter@turpis.edu,3/13/2019,088-253-9033,8/8/2000,N,2000
5487,5,Desirae,Ocean@Nullam.org,3/21/2018,193-446-2085,7/6/1991,N,1991
5488,5,Levi,Devin@ac.edu,5/29/2018,890-082-6161,4/8/1993,N,1993
5489,5,Damon,Tyler@nisl.edu,8/8/2017,366-830-7554,9/30/1963,M,1963
5490,5,Gabriel,Dante@bibendum.gov,2/8/2019,705-146-7506,8/16/1997,M,1997
5491,5,Jared,Quamar@blandit.gov,1/29/2019,293-384-7509,12/24/1996,M,1996
5492,5,Marah,Yoshio@senectus.net,9/11/2018,323-489-1064,5/15/1988,F,1988
5493,5,September,Mallory@Vivamus.org,10/20/2017,617-082-5050,3/28/1968,F,1968
5494,5,Ruby,Hashim@blandit.org,11/29/2018,684-194-0741,3/10/1993,F,1993
5495,5,Elton,Lani@mi.net,8/12/2018,991-517-1344,6/22/1986,M,1986
5496,5,Quynn,Lucian@sodales.us,8/29/2018,857-304-8004,7/9/1987,F,1987
5497,5,Lawrence,Mona@Duis.us,10/6/2018,335-836-3648,11/27/1989,M,1989
5498,5,Julie,Patrick@netus.us,1/18/2017,150-700-9475,3/25/1951,F,1951
5499,5,Mia,Kimberly@Nullam.gov,9/21/2018,587-128-3073,12/8/1988,F,1988
5500,5,Dana,Imani@Aenean.gov,1/4/2017,648-929-3746,5/18/1950,F,1950
5501,5,Kyra,Jin@nec.us,7/7/2018,936-958-1141,4/4/1984,F,1984
5502,5,Chancellor,Jermaine@aptent.com,2/19/2018,715-287-7798,10/3/1975,M,1975
5503,5,Aaron,Inga@sed.net,10/24/2017,245-545-1568,10/3/1987,N,1987
5504,5,Trevor,Keely@dapibus.us,4/26/2017,189-535-4267,4/24/1957,M,1957
5505,5,Meredith,Noble@vestibulum.gov,1/16/2019,677-330-7796,3/2/1996,F,1996
5506,5,Xandra,Caryn@rutrum.org,10/23/2018,591-503-7739,12/3/1990,F,1990
5507,5,Lana,Virginia@ad.org,12/5/2017,870-238-0954,1/28/1971,F,1971
5508,5,Zenaida,Keith@varius.net,3/28/2018,726-269-5074,1/8/1978,F,1978
5509,5,Norman,Walter@Donec.org,11/5/2018,000-764-9966,5/1/1997,N,1997
5510,5,Alea,Alden@inceptos.edu,3/21/2017,778-048-3644,1/21/1955,F,1955
5511,5,Driscoll,Chaim@turpis.org,2/26/2018,456-769-2802,3/7/1976,M,1976
5512,5,Hayley,Stewart@ligula.edu,4/11/2018,675-462-1824,11/15/1978,F,1978
5513,5,Clarke,Audrey@auctor.edu,12/29/2018,761-151-0466,9/22/1998,N,1998
5514,5,Lionel,Christian@eros.net,8/5/2017,289-279-1430,7/13/1963,M,1963
5515,5,Basil,Daphne@nonummy.org,7/11/2017,804-199-4493,2/1/1985,N,1985
5516,5,Jada,Daniel@mus.gov,6/20/2017,014-970-0336,7/16/1984,N,1984
5517,5,Bianca,Francesca@lacus.org,7/23/2018,194-000-6143,8/30/1994,N,1994
5518,5,Abra,Denise@bibendum.edu,2/5/2017,069-289-4592,5/12/1952,F,1952
5519,5,Orlando,Jamal@elementum.com,3/16/2018,682-349-9140,5/23/1991,N,1991
5520,5,Leigh,Marsden@nec.org,2/22/2019,654-700-3104,6/8/1998,F,1998
5521,5,Tanya,Candace@hymenaeos.net,9/8/2018,564-708-2685,11/16/1995,N,1995
5522,5,Kareem,Gloria@gravida.com,2/22/2019,732-553-3641,6/25/1998,M,1998
5523,5,Mikayla,Jenna@Etiam.net,1/22/2019,974-727-4054,5/1/1999,N,1999
5524,5,Marny,Piper@at.us,5/26/2018,703-711-4985,9/15/1981,F,1981
5525,5,Deirdre,Zia@euismod.net,1/20/2019,775-655-8553,6/13/1996,F,1996
5526,5,Ali,Preston@penatibus.net,12/15/2018,771-801-9797,3/12/1994,M,1994
5527,5,Rahim,Harding@venenatis.org,6/3/2017,641-337-7899,2/12/1984,N,1984
5528,5,David,Jaden@a.us,2/20/2019,941-593-9821,1/22/2000,N,2000
5529,5,Kellie,Fritz@Nullam.com,12/7/2017,476-052-3571,3/21/1971,F,1971
5530,5,Hall,Meredith@consequat.us,3/22/2017,178-549-5253,3/3/1955,M,1955
5531,5,Demetrius,Wallace@Nulla.gov,2/23/2017,294-748-8799,6/14/1953,M,1953
5532,5,Erich,Jerry@lorem.com,1/22/2018,264-008-5987,1/14/1974,M,1974
5533,5,Oscar,Elliott@urna.us,12/23/2017,678-403-7742,4/8/1989,N,1989
5534,5,Genevieve,Jaquelyn@morbi.edu,5/8/2017,067-886-4090,6/14/1983,N,1983
5535,5,Ayanna,Kibo@Class.net,1/24/2017,337-709-3731,8/27/1951,F,1951
5536,5,Griffin,Yoko@mus.edu,2/26/2017,138-740-0410,9/1/1953,M,1953
5537,5,Kimberly,Kamal@lectus.us,1/11/2017,290-287-3926,10/21/1950,F,1950
5538,5,Ashton,Ciara@hendrerit.gov,11/3/2018,752-665-5203,8/15/1991,M,1991
5539,5,Melissa,Adrian@Praesent.us,9/11/2017,520-885-8332,8/30/1986,N,1986
5540,5,Kamal,Briar@vulputate.org,4/19/2018,791-828-9482,5/26/1979,M,1979
5541,5,Zelda,Yardley@In.edu,3/30/2018,974-919-0995,3/1/1978,F,1978
5542,5,Samuel,Inga@Praesent.edu,10/12/2017,559-891-0804,6/14/1987,N,1987
5543,5,Hop,Wyatt@tincidunt.net,11/10/2017,396-201-1407,3/6/1988,N,1988
5544,5,Boris,Galvin@porttitor.com,5/31/2018,309-893-6842,12/21/1981,M,1981
5545,5,Vanna,Yeo@Cras.com,3/27/2017,833-648-5605,6/25/1955,F,1955
5546,5,Karen,Azalia@at.com,1/6/2019,959-900-7597,11/27/1998,N,1998
5547,5,Calvin,Paula@nisi.gov,6/17/2017,570-846-1685,7/12/1960,M,1960
5548,5,Vielka,Abigail@iaculis.gov,5/31/2018,323-632-3034,12/28/1981,F,1981
5549,5,Gwendolyn,Caleb@laoreet.org,11/3/2017,176-584-1405,2/2/1969,F,1969
5550,5,Branden,Scott@sagittis.net,3/14/2018,393-162-1431,5/1/1991,N,1991
5551,5,Hilary,Quamar@aliquam.com,2/28/2018,083-680-1202,4/27/1976,F,1976
5552,5,Akeem,Summer@tortor.com,8/22/2018,583-439-3989,2/12/1987,M,1987
5553,5,Cameran,Tara@viverra.net,10/16/2018,859-352-0913,6/30/1990,F,1990
5554,5,Geraldine,Stuart@magna.net,4/4/2018,454-252-3378,6/12/1978,F,1978
5555,5,Andrew,Timothy@vel.com,3/19/2019,070-307-9056,12/26/1999,M,1999
5556,5,Ahmed,Selma@sollicitudin.edu,6/3/2018,681-249-9162,3/9/1982,M,1982
5557,5,Allegra,Olga@nisl.us,6/22/2018,533-475-7635,11/16/1993,N,1993
5558,5,Armando,Rashad@Mauris.org,3/9/2017,237-101-8524,4/24/1954,M,1954
5559,5,Keegan,Stacey@Duis.gov,10/7/2017,283-355-9946,5/1/1987,N,1987
5560,5,Nehru,Zahir@rutrum.com,5/10/2018,244-161-4982,10/13/1992,N,1992
5561,5,Cora,Ramona@rutrum.us,7/30/2017,325-229-9562,2/19/1963,F,1963
5562,5,Hyacinth,Gary@Cras.gov,8/16/2018,013-129-8672,4/9/1995,N,1995
5563,5,Armando,Mariam@pretium.net,1/1/2019,477-300-0590,10/14/1998,N,1998
5564,5,Tanner,Amos@dis.gov,3/9/2018,305-649-7951,3/18/1991,N,1991
5565,5,Uriel,Lois@Sed.us,11/28/2018,842-597-8875,12/8/1997,N,1997
5566,5,Lana,Cheyenne@vitae.edu,11/17/2017,598-415-4758,12/10/1969,F,1969
5567,5,Richard,Ella@primis.us,7/1/2018,554-715-5852,11/26/1983,M,1983
5568,5,Violet,Libby@Suspendisse.edu,2/18/2017,457-779-5383,6/13/1981,N,1981
5569,5,Dominic,Gil@aliquet.us,1/5/2017,970-909-8375,6/14/1950,M,1950
5570,5,Carl,Vivian@Sed.gov,4/9/2018,404-854-0156,12/30/1991,N,1991
5571,5,Kirsten,Althea@inceptos.com,7/25/2017,700-546-4513,11/8/1962,F,1962
5572,5,Shelby,Maite@vulputate.com,4/6/2017,892-477-6195,1/18/1956,F,1956
5573,5,Jessica,Zane@sociosqu.org,10/14/2018,101-979-1721,10/13/1996,N,1996
5574,5,Dai,Galvin@bibendum.net,3/9/2018,846-217-0630,11/20/1976,F,1976
5575,5,Marcia,Reese@Proin.edu,1/13/2017,345-716-2749,12/11/1950,F,1950
5576,5,Lila,Chastity@torquent.org,10/4/2018,912-577-9456,10/15/1989,F,1989
5577,5,Melinda,Zane@rhoncus.com,6/22/2017,646-101-3078,8/7/1984,N,1984
5578,5,Cadman,Stone@sagittis.us,10/17/2018,193-933-3795,7/20/1990,M,1990
5579,5,Sierra,Malcolm@nisi.edu,1/25/2018,803-189-6307,3/12/1974,F,1974
5580,5,Shellie,Chiquita@Curae.edu,6/10/2017,285-510-1099,4/19/1984,N,1984
5581,5,Vernon,Camilla@Duis.net,7/28/2017,452-865-7824,7/6/1985,N,1985
5582,5,Cyrus,Jacob@Cras.edu,6/28/2017,089-930-3165,3/4/1961,M,1961
5583,5,Janna,Debra@mollis.com,1/29/2018,892-203-3645,6/24/1974,F,1974
5584,5,Yael,Grant@porttitor.net,6/5/2018,007-328-6156,4/10/1982,F,1982
5585,5,Anika,Sean@Ut.us,8/6/2018,706-150-2025,1/10/1995,N,1995
5586,5,Kenyon,Paul@vulputate.org,4/23/2018,927-510-0229,8/12/1979,M,1979
5587,5,Avye,Neil@nibh.edu,4/16/2018,287-557-9662,3/6/1992,N,1992
5588,5,Pandora,Zelda@varius.com,2/24/2019,892-428-3185,7/30/1998,F,1998
5589,5,Paula,Ingrid@nostra.net,4/15/2017,830-360-5082,8/13/1956,F,1956
5590,5,Tara,Delilah@mus.com,4/20/2018,178-966-3156,6/10/1979,F,1979
5591,5,Rose,Vera@iaculis.com,4/26/2017,754-598-8314,4/28/1957,F,1957
5592,5,Daniel,Galvin@odio.net,9/20/2018,285-500-7434,3/6/1996,N,1996
5593,5,Bruno,Elizabeth@vulputate.net,5/3/2018,097-102-8958,8/8/1992,N,1992
5594,5,Britanney,Skyler@in.org,10/9/2017,890-514-6345,7/13/1967,F,1967
5595,5,Steel,Kieran@purus.gov,2/4/2018,820-328-9245,5/12/1990,N,1990
5596,5,Linus,Faith@facilisi.com,8/30/2017,505-537-1955,5/11/1986,N,1986
5597,5,Mira,Forrest@orci.us,10/30/2018,212-766-3839,5/7/1991,F,1991
5598,5,MacKenzie,Zelda@mus.edu,11/22/2017,708-588-3760,6/24/1988,N,1988
5599,5,Clementine,Aladdin@Fusce.gov,1/18/2018,525-431-9474,10/8/1973,F,1973
5600,5,Latifah,Nigel@justo.us,2/8/2018,576-986-4387,1/17/1975,F,1975
5601,5,Harper,Jessamine@in.gov,1/15/2017,319-704-4103,2/4/1951,M,1951
5602,5,Briar,Ella@Quisque.gov,3/4/2019,111-315-1515,5/11/2000,N,2000
5603,5,Rina,Ifeoma@Lorem.us,8/3/2018,450-456-3306,12/17/1985,F,1985
5604,5,Ulysses,Amela@ante.us,6/24/2017,477-212-1276,12/15/1960,M,1960
5605,5,Megan,Adam@Praesent.gov,7/16/2018,556-598-7750,6/25/1994,N,1994
5606,5,Shea,Avram@Suspendisse.org,9/25/2018,686-378-3676,3/21/1989,F,1989
5607,5,Bradley,Marshall@venenatis.gov,11/7/2018,620-335-9408,5/23/1997,N,1997
5608,5,Reuben,Adam@molestie.org,7/18/2018,268-225-7100,12/21/1984,M,1984
5609,5,Mikayla,Malcolm@adipiscing.com,11/15/2017,848-424-4354,10/19/1969,F,1969
5610,5,Evangeline,Dacey@faucibus.org,3/19/2019,380-465-6138,12/30/1999,F,1999
5611,5,Georgia,Katell@malesuada.com,5/12/2017,978-620-8637,4/26/1958,F,1958
5612,5,Wanda,Victor@a.net,7/18/2017,510-640-0163,6/5/1962,F,1962
5613,5,Jocelyn,Silas@ante.com,11/19/2018,395-909-9464,8/15/1992,F,1992
5614,5,Perry,Palmer@Ut.us,1/10/2019,198-775-6271,1/10/1999,N,1999
5615,5,Colton,Mark@a.org,1/1/2019,285-607-1212,4/8/1995,M,1995
5616,5,Hadassah,Amy@vel.edu,8/2/2017,200-059-2115,8/19/1985,N,1985
5617,5,Alec,Gannon@viverra.net,11/26/2017,720-418-3560,8/8/1988,N,1988
5618,5,Jason,Indigo@pharetra.us,12/22/2018,568-700-6827,8/16/1994,M,1994
5619,5,Lyle,Adam@pede.us,6/21/2017,015-932-1466,9/28/1960,M,1960
5620,5,Felix,Herrod@morbi.edu,1/23/2017,569-004-7459,10/13/1980,N,1980
5621,5,Aurelia,Hayden@odio.com,9/5/2018,447-330-1404,12/11/1987,F,1987
5622,5,Joelle,Cain@imperdiet.org,8/28/2017,450-165-5475,12/23/1964,F,1964
5623,5,Malcolm,Darius@nisi.edu,7/11/2018,636-500-3354,7/18/1984,M,1984
5624,5,Mariam,Clayton@aliquam.org,4/22/2017,820-025-4564,1/15/1957,F,1957
5625,5,Ivory,Cain@sociis.org,1/9/2019,600-976-1845,9/28/1995,F,1995
5626,5,Summer,Vera@elit.org,2/26/2017,968-566-8129,8/21/1953,F,1953
5627,5,Deborah,McKenzie@Sed.gov,1/27/2019,947-851-1480,11/15/1996,F,1996
5628,5,Francesca,Owen@tellus.us,12/19/2017,843-577-6771,12/5/1971,F,1971
5629,5,Jescie,Melinda@ac.org,6/4/2017,122-453-2386,9/26/1959,F,1959
5630,5,Holly,Regina@Nullam.us,8/24/2017,335-906-7080,9/11/1964,F,1964
5631,5,Heidi,Wayne@sociosqu.gov,12/22/2018,163-708-5873,7/17/1998,N,1998
5632,5,Kane,Macey@ullamcorper.edu,9/23/2018,169-061-8017,3/28/1996,N,1996
5633,5,Whoopi,Dexter@diam.gov,5/24/2017,901-885-3109,1/10/1959,F,1959
5634,5,Regina,Thaddeus@tincidunt.us,4/29/2018,023-540-6301,1/3/1980,F,1980
5635,5,Hadassah,Nicole@montes.net,11/8/2017,413-044-2732,5/17/1969,F,1969
5636,5,Katelyn,Barclay@In.us,11/24/2018,196-868-2529,11/27/1992,F,1992
5637,5,Maxine,Felix@laoreet.edu,12/10/2018,721-503-0752,11/24/1993,F,1993
5638,5,Stephen,Christine@ultrices.net,5/5/2018,114-213-2279,8/30/1992,N,1992
5639,5,Marny,Lee@venenatis.us,3/7/2019,179-114-8515,4/15/1999,F,1999
5640,5,Victoria,Aidan@neque.us,8/11/2017,579-033-8106,11/15/1985,N,1985
5641,5,Tad,Shaine@Nunc.org,2/13/2019,356-240-1321,11/16/1999,N,1999
5642,5,Hanae,Xenos@quis.edu,6/28/2018,083-328-2761,9/10/1983,F,1983
5643,5,Thaddeus,Noble@facilisi.net,1/12/2018,761-321-5151,5/24/1973,M,1973
5644,5,Brielle,Illana@nulla.edu,2/19/2019,133-160-8163,4/17/1998,F,1998
5645,5,Xyla,Ivan@non.net,4/18/2018,706-752-1805,3/28/1992,N,1992
5646,5,Chadwick,Harlan@leo.edu,10/3/2018,800-697-3442,9/9/1989,M,1989
5647,5,Moana,Kennan@penatibus.org,1/9/2017,565-459-9180,6/2/1980,N,1980
5648,5,Haviva,Quinn@Curae.net,3/19/2018,397-951-8930,6/15/1977,F,1977
5649,5,Camden,Ethan@Praesent.us,11/3/2017,149-271-9298,2/8/1969,M,1969
5650,5,Alexandra,Baxter@mollis.com,4/7/2017,606-835-3361,8/30/1982,N,1982
5651,5,Sade,Flavia@imperdiet.gov,9/7/2017,768-510-9375,7/19/1965,F,1965
5652,5,Idona,Nayda@faucibus.org,8/31/2018,306-505-7599,8/30/1987,F,1987
5653,5,Eve,Amos@sed.edu,3/25/2018,973-829-3917,11/17/1977,F,1977
5654,5,Jocelyn,Olga@non.com,1/15/2018,647-140-3892,11/15/1989,N,1989
5655,5,Cadman,Alec@hendrerit.edu,6/15/2018,493-120-7589,9/10/1993,N,1993
5656,5,Jenette,Wade@risus.net,3/5/2017,732-913-3616,1/24/1954,F,1954
5657,5,Malachi,Leilani@elementum.gov,3/26/2017,110-249-5840,5/20/1955,M,1955
5658,5,Gemma,Hector@Donec.edu,1/27/2018,524-523-6958,5/3/1974,F,1974
5659,5,Liberty,Megan@lacinia.com,9/30/2018,932-779-4267,7/3/1989,F,1989
5660,5,Elijah,Dennis@mus.net,10/28/2018,496-190-8721,2/23/1997,N,1997
5661,5,Zoe,Ruby@ipsum.edu,5/26/2017,522-334-2616,3/3/1959,F,1959
5662,5,Avye,Jaquelyn@litora.gov,9/18/2018,390-879-2063,10/17/1988,F,1988
5663,5,Bo,Justina@erat.org,1/8/2018,049-154-3879,9/10/1989,N,1989
5664,5,Nichole,Dana@condimentum.edu,2/17/2018,912-270-6218,8/12/1975,F,1975
5665,5,Ishmael,Fallon@aptent.gov,9/5/2018,557-096-1117,12/23/1987,M,1987
5666,5,Carlos,Deirdre@massa.org,10/20/2018,140-597-1793,10/6/1990,M,1990
5667,5,Maya,Nigel@In.com,4/28/2017,165-876-9775,3/17/1983,N,1983
5668,5,Sean,Latifah@tempus.org,4/29/2018,609-773-7717,1/16/1980,M,1980
5669,5,Octavius,Bruno@faucibus.com,11/21/2018,154-296-8792,10/2/1997,N,1997
5670,5,Isaac,Hector@Duis.com,11/2/2018,185-080-7719,4/8/1997,N,1997
5671,5,Velma,Amir@Nunc.com,12/5/2018,080-918-3387,8/13/1993,F,1993
5672,5,Imogene,Yardley@eleifend.net,9/30/2018,740-659-5583,6/2/1996,N,1996
5673,5,Camilla,Farrah@porta.net,11/1/2018,631-333-4445,6/28/1991,F,1991
5674,5,Nina,Eliana@Morbi.net,3/23/2019,975-364-5579,11/5/2000,N,2000
5675,5,Quinlan,Naomi@molestie.org,9/12/2018,575-066-9013,5/27/1988,M,1988
5676,5,Sharon,Asher@varius.edu,10/2/2018,705-366-9566,8/24/1989,F,1989
5677,5,Jelani,Zeus@Sed.org,2/23/2018,946-578-0335,11/5/1990,N,1990
5678,5,Barry,Lois@commodo.edu,11/21/2017,378-301-6472,3/6/1970,M,1970
5679,5,Joy,Portia@iaculis.net,11/22/2018,068-859-2277,10/6/1992,F,1992
5680,5,Barbara,Grady@ante.org,11/17/2018,156-405-5087,6/24/1992,F,1992
5681,5,Armand,Ivy@in.com,3/5/2019,942-085-0656,2/15/1999,M,1999
5682,5,Mercedes,Igor@viverra.gov,12/31/2018,840-088-8571,3/5/1995,F,1995
5683,5,Mia,Rigel@suscipit.edu,9/6/2017,417-053-9146,7/17/1986,N,1986
5684,5,Audra,Hayley@Curae.us,12/21/2017,209-176-1540,1/25/1972,F,1972
5685,5,Dolan,Karen@feugiat.gov,8/16/2017,949-967-8535,12/30/1985,N,1985
5686,5,Caleb,Samuel@elementum.us,10/29/2017,331-972-2226,11/16/1987,N,1987
5687,5,Justina,Edward@sagittis.edu,11/28/2017,923-378-8802,8/26/1970,F,1970
5688,5,Nathan,Harriet@euismod.us,5/17/2018,115-566-8022,2/10/1981,M,1981
5689,5,Rina,Brody@elementum.com,2/16/2017,191-170-2564,1/26/1953,F,1953
5690,5,Jerry,Hanae@volutpat.gov,10/24/2018,886-737-3776,12/23/1990,M,1990
5691,5,Gloria,Adena@volutpat.edu,3/7/2017,730-719-0449,3/16/1954,F,1954
5692,5,Mariko,Dorian@tincidunt.edu,5/22/2017,558-738-3566,11/19/1958,F,1958
5693,5,Perry,Driscoll@Duis.org,9/13/2018,444-476-4569,12/30/1995,N,1995
5694,5,Aiko,Wyatt@Curabitur.org,9/21/2017,628-359-0731,11/27/1986,N,1986
5695,5,Maggie,Gannon@dictum.net,3/12/2019,228-516-4628,7/27/1999,F,1999
5696,5,Mia,Rae@eget.net,12/13/2017,552-336-1347,1/10/1989,N,1989
5697,5,Morgan,Ezekiel@sollicitudin.edu,6/27/2017,019-883-3253,2/24/1961,F,1961
5698,5,Ariana,Chandler@sociosqu.edu,6/2/2018,592-812-2198,2/18/1982,F,1982
5699,5,Marny,Ezekiel@nascetur.us,12/28/2017,690-474-3114,6/29/1972,F,1972
5700,5,Basia,Brendan@nascetur.net,9/27/2017,490-700-6959,10/28/1966,F,1966
5701,5,Beatrice,Shaeleigh@nonummy.edu,8/23/2018,310-797-8728,6/14/1995,N,1995
5702,5,Calvin,Fulton@sagittis.gov,11/7/2017,328-440-3381,4/27/1969,M,1969
5703,5,Jessica,Leila@volutpat.com,2/10/2019,208-540-2098,9/22/1997,F,1997
5704,5,Amethyst,Peter@netus.edu,4/6/2019,969-209-7421,2/16/2001,F,2001
5705,5,Kane,Phoebe@dui.edu,10/26/2018,285-133-6848,2/1/1997,N,1997
5706,5,Karly,Kristen@nascetur.org,11/5/2017,413-261-8583,3/26/1969,F,1969
5707,5,Jason,Ivan@libero.edu,1/30/2018,878-977-6823,3/28/1990,N,1990
5708,5,Megan,Rose@fermentum.net,3/9/2019,449-499-8189,6/25/2000,N,2000
5709,5,Colby,Kennan@cursus.org,2/15/2019,200-551-8380,12/8/1999,N,1999
5710,5,Jaquelyn,Dolan@lobortis.net,4/1/2017,209-685-8004,10/7/1955,F,1955
5711,5,Colby,Nora@condimentum.gov,3/9/2017,512-582-5526,12/7/1981,N,1981
5712,5,Keely,Wendy@laoreet.us,3/2/2017,015-279-9211,12/3/1953,F,1953
5713,5,Rhonda,Burton@consequat.edu,5/4/2018,293-851-4786,4/15/1980,F,1980
5714,5,Wendy,Alec@inceptos.gov,10/3/2017,680-974-3221,3/17/1987,N,1987
5715,5,Daphne,Rhona@Proin.gov,12/14/2017,256-911-6884,8/23/1971,F,1971
5716,5,Amal,Sierra@Etiam.us,9/16/2017,855-522-3681,2/7/1966,M,1966
5717,5,Elaine,Iris@mattis.us,4/26/2017,083-341-2658,2/23/1983,N,1983
5718,5,Yetta,Dana@morbi.org,1/7/2019,130-486-1737,8/7/1995,F,1995
5719,5,Hamish,Jermaine@condimentum.edu,4/5/2018,014-927-8221,7/17/1978,M,1978
5720,5,Leila,Wynter@tristique.us,5/29/2018,595-609-6394,11/6/1981,F,1981
5721,5,Garth,Ginger@neque.edu,7/29/2017,613-060-6302,2/7/1963,M,1963
5722,5,Savannah,Sylvester@varius.org,3/23/2017,187-828-4854,3/14/1955,F,1955
5723,5,Debra,Kasper@diam.com,9/9/2017,038-529-7903,9/8/1965,F,1965
5724,5,Indira,Steven@orci.com,4/13/2018,844-206-6310,1/5/1979,F,1979
5725,5,Gay,Phelan@sociis.com,2/18/2018,272-530-9844,9/21/1990,N,1990
5726,5,Cyrus,Amery@Nulla.gov,10/31/2018,368-309-5743,5/29/1991,M,1991
5727,5,Martin,Zelda@vitae.net,1/6/2018,584-386-1491,8/19/1989,N,1989
5728,5,Rudyard,Colby@at.com,5/20/2018,878-738-4721,4/30/1981,M,1981
5729,5,Ginger,Timothy@senectus.us,6/19/2018,966-137-8712,10/24/1993,N,1993
5730,5,Timon,Lael@mattis.com,6/15/2017,027-002-0923,6/2/1984,N,1984
5731,5,Fallon,Idola@diam.com,3/30/2018,324-018-6525,10/3/1991,N,1991
5732,5,Summer,Zeus@habitant.com,4/1/2018,193-167-1889,4/22/1978,F,1978
5733,5,Kasimir,Devin@tortor.edu,7/25/2018,253-744-1176,5/27/1985,M,1985
5734,5,Fiona,Mari@viverra.gov,1/13/2018,503-570-6325,10/24/1989,N,1989
5735,5,Travis,Ifeoma@vulputate.org,1/23/2018,569-741-5161,1/21/1990,N,1990
5736,5,Patrick,Paul@justo.org,1/4/2017,467-260-7574,4/19/1980,N,1980
5737,5,Aurora,Carter@in.net,7/18/2018,895-861-1930,12/19/1984,F,1984
5738,5,Melvin,Evan@Fusce.com,2/12/2018,935-635-6480,4/29/1975,M,1975
5739,5,Ignatius,Castor@sodales.org,7/2/2017,313-953-4919,11/4/1984,N,1984
5740,5,Shea,Hall@nonummy.gov,3/10/2019,012-763-5166,6/5/1999,F,1999
5741,5,Azalia,Jane@sapien.gov,2/17/2019,679-616-5661,12/31/1999,N,1999
5742,5,Marcia,Cleo@commodo.org,7/13/2017,901-450-3862,2/22/1962,F,1962
5743,5,Dexter,Emi@velit.us,6/28/2018,795-508-7076,9/8/1983,M,1983
5744,5,Colleen,Blythe@Vivamus.com,7/9/2018,507-759-4461,5/26/1984,F,1984
5745,5,Walter,Rachel@quam.gov,9/19/2018,654-279-3257,10/31/1988,M,1988
5746,5,Sage,Lysandra@fames.gov,7/25/2017,954-699-0316,6/13/1985,N,1985
5747,5,Todd,Rajah@ac.edu,6/3/2017,369-323-9324,9/3/1959,M,1959
5748,5,Echo,Barbara@Aliquam.gov,12/19/2018,558-257-3353,6/19/1994,F,1994
5749,5,Griffin,Allistair@urna.org,2/5/2019,971-844-0691,5/30/1997,M,1997
5750,5,Brenna,Donna@purus.edu,8/15/2017,468-418-4315,2/17/1964,F,1964
5751,5,Portia,Lacey@Aliquam.net,1/25/2018,196-238-4246,2/12/1990,N,1990
5752,5,Vielka,Mona@Integer.com,8/6/2017,914-729-2720,10/2/1985,N,1985
5753,5,Vielka,Hayes@porta.net,2/16/2017,282-627-4953,5/22/1981,N,1981
5754,5,Hollee,Nigel@et.gov,2/1/2018,801-175-7101,4/19/1990,N,1990
5755,5,Brandon,Elliott@Morbi.net,6/1/2017,497-445-2247,1/21/1984,N,1984
5756,5,Jerry,Hyacinth@Nunc.gov,12/13/2018,064-990-9089,4/20/1998,N,1998
5757,5,Ora,Angelica@pede.net,12/10/2017,030-066-2518,5/11/1971,F,1971
5758,5,Tanisha,Madonna@tristique.net,11/24/2017,782-112-6161,7/16/1988,N,1988
5759,5,Dalton,Brennan@nulla.us,5/1/2017,472-067-3446,4/8/1983,N,1983
5760,5,Darius,Elvis@iaculis.net,6/21/2018,997-161-0175,4/5/1983,M,1983
5761,5,Judah,Kylynn@iaculis.us,4/19/2017,528-521-3911,11/18/1956,M,1956
5762,5,Laith,Noel@penatibus.net,3/15/2018,679-022-1245,4/3/1977,M,1977
5763,5,Ruby,Uriel@cubilia.net,2/21/2017,525-493-1337,7/5/1981,N,1981
5764,5,Castor,Moses@lorem.net,8/5/2018,034-906-0015,1/17/1986,M,1986
5765,5,Peter,Scarlett@torquent.gov,12/5/2017,352-580-2901,1/13/1971,M,1971
5766,5,Chelsea,Kelly@cursus.net,4/17/2017,516-546-1922,10/3/1956,F,1956
5767,5,Leslie,Isadora@sed.org,5/1/2017,564-807-3791,8/10/1957,F,1957
5768,5,Keiko,Cruz@est.edu,1/20/2017,806-743-4263,5/16/1951,F,1951
5769,5,Jamal,Lewis@at.gov,1/3/2019,799-191-9370,11/5/1998,N,1998
5770,5,Thomas,Dexter@ultricies.edu,2/5/2017,832-452-8578,5/19/1952,M,1952
5771,5,Seth,Echo@urna.gov,3/22/2019,084-842-4995,3/13/2000,M,2000
5772,5,Maris,Rebecca@ipsum.org,11/10/2017,699-534-2817,7/7/1969,F,1969
5773,5,Lani,Jocelyn@amet.us,2/8/2019,803-530-4822,10/3/1999,N,1999
5774,5,Wang,Burke@id.us,6/10/2018,316-115-4444,7/28/1993,N,1993
5775,5,Jasper,Yvonne@et.net,12/8/2018,612-257-4411,10/6/1993,M,1993
5776,5,Brett,Bevis@euismod.com,5/7/2017,333-175-1894,12/15/1957,M,1957
5777,5,Colton,Petra@scelerisque.net,12/15/2018,683-790-9262,5/12/1998,N,1998
5778,5,Zelenia,Ulla@facilisi.com,4/8/2017,178-551-3541,3/10/1956,F,1956
5779,5,Rama,Vance@mus.us,5/17/2018,696-452-4467,12/19/1992,N,1992
5780,5,Keegan,Shelby@auctor.edu,2/9/2018,978-515-9886,2/10/1975,M,1975
5781,5,Demetrius,Brianna@Nulla.org,5/3/2018,727-628-7855,4/3/1980,M,1980
5782,5,Bethany,Janna@dapibus.gov,2/14/2017,193-231-4969,12/5/1952,F,1952
5783,5,Brynne,Erich@imperdiet.net,5/29/2017,333-666-9742,12/30/1983,N,1983
5784,5,Inez,Tyler@pulvinar.gov,8/13/2018,787-638-7405,7/12/1986,F,1986
5785,5,Carol,Winifred@ultricies.com,1/11/2018,219-745-9748,10/2/1989,N,1989
5786,5,Elliott,Keegan@bibendum.com,2/3/2019,802-953-6999,8/20/1999,N,1999
5787,5,Dai,Gwendolyn@lacus.gov,3/2/2018,982-410-3886,1/10/1991,N,1991
5788,5,Karly,Asher@convallis.gov,8/14/2017,846-679-1531,12/8/1985,N,1985
5789,5,Regan,Daniel@sodales.org,3/28/2019,959-167-3613,12/19/2000,N,2000
5790,5,Lani,Dawn@Cras.gov,2/12/2018,325-136-7169,4/30/1975,F,1975
5791,5,Pascale,Alec@ridiculus.org,6/11/2017,597-534-2381,2/28/1960,F,1960
5792,5,Bert,Heidi@fermentum.gov,11/24/2018,960-739-4742,11/27/1992,M,1992
5793,5,Ciara,Chiquita@ullamcorper.org,3/24/2017,687-261-1559,4/19/1982,N,1982
5794,5,Fletcher,Rina@neque.us,9/29/2018,653-061-5867,6/23/1989,M,1989
5795,5,Patricia,Tyrone@facilisis.org,3/2/2018,475-324-7907,6/17/1976,F,1976
5796,5,Grant,Ryder@rhoncus.com,11/17/2018,476-297-2773,6/23/1992,M,1992
5797,5,Emi,Eagan@urna.us,7/11/2018,922-996-1018,7/17/1984,F,1984
5798,5,Merritt,Germaine@felis.com,3/5/2017,296-539-5353,2/4/1954,M,1954
5799,5,Karly,Jordan@sem.us,12/20/2018,485-968-9684,6/25/1998,N,1998
5800,5,Willow,Jade@ut.gov,3/4/2017,350-925-4356,10/24/1981,N,1981
5801,5,Chase,Oleg@elit.net,4/2/2019,266-643-3920,11/3/2000,M,2000
5802,5,Selma,Veda@Ut.org,5/27/2017,191-700-8217,12/8/1983,N,1983
5803,5,Julie,Cally@Vestibulum.edu,6/27/2018,223-641-1288,12/30/1993,N,1993
5804,5,Sarah,Emily@Aenean.us,2/3/2017,065-857-2937,3/21/1952,F,1952
5805,5,Lavinia,Briar@enim.org,10/19/2017,897-893-7687,8/19/1987,N,1987
5806,5,Jena,Tashya@viverra.net,8/24/2018,650-739-6567,3/28/1987,F,1987
5807,5,Cailin,Carla@accumsan.us,2/5/2019,132-794-8644,6/11/1997,F,1997
5808,5,Hall,Candace@dapibus.gov,3/29/2019,208-045-3842,8/17/2000,M,2000
5809,5,Remedios,Chelsea@vitae.edu,8/22/2017,883-827-8431,7/21/1964,F,1964
5810,5,Leigh,Christopher@tempor.edu,1/30/2019,476-451-8097,1/6/1997,F,1997
5811,5,Nerea,Shelley@viverra.us,3/11/2018,882-389-4401,4/9/1991,N,1991
5812,5,Orson,Castor@felis.us,3/15/2019,222-949-9089,10/8/1999,M,1999
5813,5,Regina,Meghan@eget.com,1/30/2017,853-787-0710,12/18/1980,N,1980
5814,5,Naomi,Tatyana@quam.us,3/26/2017,128-870-9453,5/11/1982,N,1982
5815,5,Todd,Katelyn@sociosqu.org,4/12/2018,282-000-8902,12/20/1978,M,1978
5816,5,Brett,Jared@primis.edu,10/10/2017,855-942-9581,5/23/1987,N,1987
5817,5,Serina,Stewart@pulvinar.org,6/9/2017,010-126-3155,1/7/1960,F,1960
5818,5,Anastasia,Genevieve@Integer.gov,2/14/2018,241-299-2428,6/21/1975,F,1975
5819,5,Ciara,Dalton@nisi.gov,11/26/2017,927-601-9363,7/5/1970,F,1970
5820,5,Amery,Tucker@vel.us,3/6/2018,264-402-5569,2/23/1991,N,1991
5821,5,Imogene,Sylvia@Curabitur.net,2/25/2017,829-095-1695,8/19/1981,N,1981
5822,5,Aline,Herrod@adipiscing.gov,9/4/2017,239-949-3407,6/25/1986,N,1986
5823,5,Giacomo,Donovan@condimentum.org,7/8/2018,050-996-4007,4/30/1984,M,1984
5824,5,Zahir,Nehru@fermentum.edu,10/13/2018,542-418-7164,5/2/1990,M,1990
5825,5,Denise,Sylvia@semper.net,4/21/2017,943-743-6356,1/10/1983,N,1983
5826,5,Indigo,Sigourney@nulla.us,2/3/2019,607-664-8973,4/20/1997,F,1997
5827,5,Stephen,Hadley@Vestibulum.net,2/5/2018,954-967-3270,11/23/1974,M,1974
5828,5,Gil,Amethyst@per.edu,11/5/2017,156-443-3213,1/21/1988,N,1988
5829,5,Nomlanga,Elizabeth@auctor.gov,3/11/2017,185-798-7489,6/28/1954,F,1954
5830,5,Mollie,Palmer@venenatis.gov,9/14/2018,578-833-2021,7/6/1988,F,1988
5831,5,Debra,Cecilia@amet.org,3/12/2017,885-179-8568,12/30/1981,N,1981
5832,5,Barbara,Guy@vulputate.com,5/24/2018,253-271-8265,7/25/1981,F,1981
5833,5,Elizabeth,Gannon@Proin.us,10/11/2018,650-252-0538,3/19/1990,F,1990
5834,5,Reed,Ronan@dignissim.net,2/15/2019,197-981-4560,1/20/1998,M,1998
5835,5,Gabriel,Linus@cursus.edu,1/5/2018,550-834-0896,12/18/1972,M,1972
5836,5,Constance,Hilda@vitae.org,6/24/2018,187-555-5665,12/8/1993,N,1993
5837,5,Luke,Quinn@interdum.com,5/24/2017,893-576-8695,11/16/1983,N,1983
5838,5,Urielle,Sacha@litora.org,3/23/2019,306-360-3869,4/11/2000,F,2000
5839,5,Raja,Zane@sem.org,5/14/2017,263-968-8360,5/21/1958,M,1958
5840,5,Chastity,Tanner@massa.gov,4/6/2018,288-786-8514,8/3/1978,F,1978
5841,5,Stephen,Callum@morbi.org,1/12/2019,042-468-2185,11/29/1995,M,1995
5842,5,Price,Murphy@vehicula.edu,5/22/2017,560-867-4156,10/25/1983,N,1983
5843,5,Octavia,Reed@Aenean.net,10/17/2017,030-911-6405,7/28/1987,N,1987
5844,5,Felicia,Inez@Sed.edu,3/11/2019,267-068-7116,7/17/2000,N,2000
5845,5,Colorado,Igor@erat.us,4/9/2019,905-921-1109,4/9/2001,N,2001
5846,5,Tate,Anastasia@Vivamus.us,6/7/2018,266-674-7206,5/26/1982,M,1982
5847,5,Stacey,Derek@In.com,7/30/2018,634-239-1967,9/4/1985,F,1985
5848,5,Sharon,Hammett@consequat.edu,7/14/2017,158-281-8368,2/23/1985,N,1985
5849,5,Zephania,Adam@ultrices.us,3/12/2019,050-185-7967,7/22/1999,M,1999
5850,5,Robert,Oprah@magnis.com,3/12/2017,806-225-6625,7/11/1954,M,1954
5851,5,Camden,Kuame@Ut.net,10/5/2017,987-277-8554,4/9/1987,N,1987
5852,5,Shafira,Orla@lacinia.com,8/26/2018,397-574-1306,5/18/1987,F,1987
5853,5,Thor,Harper@porttitor.org,12/29/2017,938-352-4399,7/15/1972,M,1972
5854,5,Beatrice,Theodore@posuere.org,11/9/2018,121-375-1303,6/14/1997,N,1997
5855,5,Noel,Unity@Pellentesque.org,7/4/2017,977-788-9574,11/26/1984,N,1984
5856,5,Kylie,Mallory@nonummy.org,10/31/2018,911-299-6652,3/17/1997,N,1997
5857,5,Josiah,Kristen@Nam.net,6/10/2018,237-975-7009,8/13/1982,M,1982
5858,5,Macaulay,Yvette@vestibulum.gov,6/7/2018,734-751-6511,7/6/1993,N,1993
5859,5,Chantale,Erich@litora.us,11/1/2017,949-598-3906,12/12/1968,F,1968
5860,5,Stacy,Aspen@velit.net,12/3/2018,053-367-2145,6/22/1993,F,1993
5861,5,Burke,Rooney@torquent.org,10/3/2017,593-885-3801,3/6/1967,M,1967
5862,5,Irene,Raphael@cubilia.com,2/23/2017,574-336-0718,7/28/1981,N,1981
5863,5,Colin,Leonard@magnis.org,12/4/2017,173-379-6947,10/13/1988,N,1988
5864,5,Meghan,Emerald@Fusce.gov,1/8/2017,233-538-8509,8/30/1950,F,1950
5865,5,Owen,Sydnee@cubilia.net,3/28/2018,971-968-3521,9/11/1991,N,1991
5866,5,Steven,Asher@consequat.us,10/10/2017,034-831-6044,8/9/1967,M,1967
5867,5,Colleen,Jocelyn@penatibus.net,7/2/2018,924-439-5613,12/23/1983,F,1983
5868,5,Ulla,Bo@inceptos.us,1/20/2018,546-836-0220,11/28/1973,F,1973
5869,5,Liberty,Oleg@facilisis.net,1/14/2019,208-015-6410,1/10/1996,F,1996
5870,5,Noah,Patrick@augue.us,11/12/2017,811-360-8657,3/28/1988,N,1988
5871,5,Cassady,Kirk@Class.us,5/20/2017,067-391-4250,10/3/1983,N,1983
5872,5,Kieran,Drake@felis.us,3/12/2018,982-678-0251,1/14/1977,M,1977
5873,5,Willow,Aidan@sit.net,7/9/2017,745-205-8301,11/10/1961,F,1961
5874,5,Shannon,Xanthus@nibh.net,8/20/2018,150-818-4257,5/23/1995,N,1995
5875,5,Jada,Aristotle@Suspendisse.edu,6/2/2017,917-212-1214,8/5/1959,F,1959
5876,5,Hamish,Gabriel@rutrum.edu,10/31/2017,821-247-1208,11/21/1968,M,1968
5877,5,Kylee,Octavius@vitae.org,3/14/2017,237-888-5064,8/19/1954,F,1954
5878,5,Kay,Hedy@nostra.gov,1/17/2019,280-945-4396,3/18/1999,N,1999
5879,5,Davis,Valentine@placerat.edu,8/19/2017,587-229-0284,5/22/1964,M,1964
5880,5,Benedict,Denise@nulla.gov,5/6/2018,812-140-2220,6/21/1980,M,1980
5881,5,Virginia,Hadassah@turpis.edu,8/23/2017,917-316-9746,3/6/1986,N,1986
5882,5,Rebekah,Garth@pede.org,8/30/2018,007-171-9340,8/20/1995,N,1995
5883,5,Chantale,Evan@taciti.edu,6/24/2017,789-138-3140,8/30/1984,N,1984
5884,5,Fulton,Florence@Curae.com,3/1/2018,234-603-1971,5/24/1976,M,1976
5885,5,Rhiannon,Desiree@dictum.org,11/3/2017,618-051-7934,12/30/1987,N,1987
5886,5,Howard,Kirby@eleifend.gov,3/15/2017,466-791-4811,9/27/1954,M,1954
5887,5,Jescie,Fritz@vel.org,1/22/2018,490-099-0025,1/19/1974,F,1974
5888,5,Ayanna,Hyatt@tristique.us,9/25/2018,869-538-7038,4/19/1996,N,1996
5889,5,Leroy,Beatrice@adipiscing.gov,2/13/2017,175-940-4740,4/30/1981,N,1981
5890,5,Caryn,Declan@porta.net,7/4/2017,816-445-1818,7/30/1961,F,1961
5891,5,Brendan,Katelyn@magna.gov,2/2/2018,450-515-2777,9/6/1974,M,1974
5892,5,Gwendolyn,Margaret@primis.com,5/10/2017,928-830-4565,7/6/1983,N,1983
5893,5,William,Zephania@eros.edu,7/5/2017,801-627-6226,8/7/1961,M,1961
5894,5,Hashim,Maryam@quam.net,1/29/2017,767-953-6209,12/14/1951,M,1951
5895,5,Jasmine,August@interdum.org,9/7/2018,017-628-4150,2/1/1988,F,1988
5896,5,Hoyt,Keelie@vitae.com,1/27/2019,849-731-8587,6/14/1999,N,1999
5897,5,Eugenia,Virginia@Suspendisse.us,2/15/2019,563-443-2006,1/4/1998,F,1998
5898,5,Idola,Idola@ipsum.gov,9/2/2018,086-947-2747,10/21/1987,F,1987
5899,5,Addison,Burke@dictum.net,12/18/2018,420-908-0711,5/29/1994,M,1994
5900,5,Maggie,Pamela@morbi.edu,4/4/2019,962-120-9663,12/26/2000,F,2000
5901,5,Hilda,James@turpis.us,3/21/2019,740-800-2052,2/19/2000,F,2000
5902,5,Abbot,Raja@ante.com,1/26/2019,019-757-1798,10/7/1996,M,1996
5903,5,Brenden,Blythe@Cras.gov,3/18/2019,198-776-8064,9/21/2000,N,2000
5904,5,Rae,Jamal@aliquam.edu,2/17/2019,912-779-2091,2/24/1998,F,1998
5905,5,Riley,Courtney@fames.net,5/17/2017,496-204-2049,8/7/1958,F,1958
5906,5,Jermaine,Marvin@conubia.org,3/19/2017,181-483-0023,12/15/1954,M,1954
5907,5,Giselle,Colton@Cras.gov,7/23/2017,423-559-4425,5/22/1985,N,1985
5908,5,Tad,Risa@lorem.net,1/26/2017,565-732-7471,9/27/1951,M,1951
5909,5,Althea,Talon@Proin.us,2/12/2019,586-479-4673,11/13/1997,F,1997
5910,5,Moana,Quin@venenatis.us,9/4/2018,743-091-9152,10/3/1995,N,1995
5911,5,Cara,Sasha@nec.edu,8/1/2017,256-607-9800,4/12/1963,F,1963
5912,5,Aspen,Cassidy@bibendum.us,2/1/2019,516-476-8787,2/27/1997,F,1997
5913,5,Xyla,Bryar@rhoncus.net,6/29/2017,460-575-0361,10/13/1984,N,1984
5914,5,Abraham,Lester@aptent.edu,3/19/2017,835-934-9074,3/6/1982,N,1982
5915,5,Quintessa,Gareth@Lorem.edu,2/26/2019,946-241-2958,9/20/1998,F,1998
5916,5,Joan,Sandra@dignissim.com,6/18/2017,478-187-7772,8/1/1960,F,1960
5917,5,Raphael,Donovan@consectetuer.gov,9/9/2017,850-624-0576,9/3/1965,M,1965
5918,5,Constance,Carl@venenatis.us,7/5/2018,590-661-9457,2/12/1984,F,1984
5919,5,Dillon,Sacha@nec.com,6/8/2017,059-090-5580,3/28/1984,N,1984
5920,5,Zorita,Sybil@euismod.com,7/11/2017,377-793-8601,1/1/1962,F,1962
5921,5,Charissa,Rogan@Mauris.edu,10/24/2018,249-695-1039,1/10/1997,N,1997
5922,5,Baxter,Ocean@pede.edu,1/8/2018,266-125-5950,3/7/1973,M,1973
5923,5,Charity,Zeus@velit.us,10/9/2018,199-159-5464,1/26/1990,F,1990
5924,5,Jorden,Melvin@Cum.com,9/23/2017,195-629-7803,12/19/1986,N,1986
5925,5,Aiko,Sierra@sociis.us,5/3/2017,741-685-9253,10/1/1957,F,1957
5926,5,Ulysses,Murphy@odio.edu,5/10/2017,841-772-9674,3/3/1958,M,1958
5927,5,Hayes,Barbara@mollis.com,12/8/2017,028-480-1073,11/26/1988,N,1988
5928,5,Slade,Candice@nulla.gov,1/13/2019,900-960-9486,2/2/1999,N,1999
5929,5,Bryar,Ezekiel@quis.com,7/2/2017,867-752-5980,6/8/1961,F,1961
5930,5,Kyla,Dieter@felis.org,10/14/2018,075-905-0076,5/10/1990,F,1990
5931,5,Maggy,Alfreda@nulla.us,12/30/2017,535-247-3161,6/14/1989,N,1989
5932,5,Brooke,Nola@elit.org,3/9/2017,426-586-7632,5/7/1954,F,1954
5933,5,Lee,Juliet@Curabitur.net,1/26/2018,419-984-9508,4/2/1974,M,1974
5934,5,Ainsley,Xena@lacus.net,2/8/2019,588-222-5397,8/1/1997,F,1997
5935,5,Jenette,Germaine@montes.edu,11/26/2018,380-356-7034,11/16/1997,N,1997
5936,5,Ivor,Pamela@laoreet.edu,8/1/2018,514-551-4992,10/31/1985,M,1985
5937,5,Medge,Julian@sollicitudin.edu,11/24/2017,743-441-9073,5/14/1970,F,1970
5938,5,Petra,Imelda@morbi.org,10/5/2018,676-415-9360,7/17/1996,N,1996
5939,5,Hope,Emmanuel@quis.org,4/9/2019,659-428-7985,4/9/2001,F,2001
5940,5,Macon,Eaton@tellus.us,9/12/2017,408-702-3773,11/21/1965,M,1965
5941,5,Ivana,Quinlan@porttitor.org,9/1/2018,556-841-5240,9/11/1995,N,1995
5942,5,Azalia,Joseph@congue.gov,5/15/2017,588-601-3844,8/19/1983,N,1983
5943,5,Charde,Bruno@ante.edu,10/7/2018,636-954-5412,12/5/1989,F,1989
5944,5,Aspen,Laurel@nisi.net,10/25/2018,120-785-0025,1/24/1991,F,1991
5945,5,Miriam,Katell@erat.us,1/2/2018,951-058-2821,10/10/1972,F,1972
8001,8,Lunea,Barry@volutpat.us,2/6/2017,833-602-3329,1/8/1998,N,1998
8002,8,Lenore,Ezekiel@adipiscing.edu,10/22/2017,265-711-7791,9/2/1995,N,1995
8003,8,Vera,Bevis@malesuada.com,1/19/2017,081-659-6364,2/1/1991,F,1991
8004,8,Logan,Ahmed@commodo.gov,6/1/2017,737-276-6105,7/21/1971,M,1971
8005,8,Colette,Orson@magnis.us,12/16/2017,187-230-3596,3/29/1970,F,1970
8006,8,Zena,Stewart@lacinia.us,2/15/2019,500-768-3793,6/26/1992,F,1992
8007,8,Ivan,Orlando@per.com,10/6/2017,467-162-2944,10/14/1965,M,1965
8008,8,Tanya,Rina@magnis.net,6/17/2018,726-687-4464,11/26/1992,F,1992
8009,8,Germaine,Jennifer@dolor.com,6/11/2018,241-694-6251,1/20/1993,N,1993
8010,8,Dalton,Jack@penatibus.net,1/30/2018,824-757-4040,10/3/1961,M,1961
8011,8,Bryar,Stone@dis.com,11/28/2018,736-748-1153,1/19/1986,F,1986
8012,8,Brynne,Nyssa@nulla.net,6/17/2017,074-894-2047,3/22/1951,F,1951
8013,8,Echo,Barrett@malesuada.gov,12/5/2017,650-357-4202,10/20/1957,F,1957
8014,8,Dolan,Herrod@libero.edu,1/12/2019,626-593-2226,4/16/1994,N,1994
8015,8,Hedwig,Myra@metus.edu,5/20/2018,901-503-1234,8/11/1951,F,1951
8016,8,Malik,Isabella@convallis.us,9/19/2017,442-876-7617,9/1/1991,N,1991
8017,8,Uriel,Geraldine@auctor.us,3/22/2018,841-709-5972,11/15/1997,N,1997
8018,8,Malachi,Ishmael@mauris.us,3/17/2018,022-546-4271,9/18/1988,M,1988
8019,8,Kiayada,Tallulah@Nulla.org,5/15/2018,102-205-7705,2/15/1991,F,1991
8020,8,Cassandra,Xenos@Cras.org,2/16/2017,897-431-2078,1/19/1967,F,1967
8021,8,Risa,Talon@massa.gov,7/11/2017,331-522-5409,9/26/1972,F,1972
8022,8,Allen,George@Sed.org,1/24/2017,085-585-6706,12/16/1967,M,1967
8023,8,Eagan,Molly@amet.gov,8/7/2017,019-553-1640,5/19/1992,M,1992
8024,8,Julian,Emery@nonummy.us,1/20/2018,585-031-8690,3/14/1999,N,1999
8025,8,McKenzie,Britanni@nibh.org,4/2/2017,096-107-2216,1/31/1979,F,1979
8026,8,Alexander,Julian@hymenaeos.org,11/15/2018,871-249-1680,10/25/1962,M,1962
8027,8,Odysseus,Vaughan@sagittis.net,4/30/2017,174-012-9893,11/15/1993,N,1993
8028,8,Alfonso,Theodore@Fusce.gov,4/4/2018,175-325-3933,11/20/1995,N,1995
8029,8,Kennedy,Carson@erat.com,2/7/2018,776-182-6044,12/19/1981,M,1981
8030,8,Deirdre,Austin@Nullam.edu,8/23/2018,383-091-4412,1/10/1994,F,1994
8031,8,Wyatt,Demetrius@malesuada.gov,7/24/2018,355-020-2329,5/12/1973,M,1973
8032,8,Giacomo,Ila@Integer.org,10/13/2017,001-784-6629,7/28/1959,M,1959
8033,8,Akeem,Lucas@lacus.com,9/16/2018,734-556-8038,12/16/1994,N,1994
8034,8,Bevis,Camille@Suspendisse.com,8/24/2018,526-340-9577,7/12/1974,M,1974
8035,8,Yuri,Conan@porta.gov,6/10/2018,300-352-7210,3/15/1995,N,1995
8036,8,Wylie,Steven@Praesent.net,12/6/2018,171-771-7331,1/27/1992,N,1992
8037,8,Holly,Kirk@ullamcorper.net,5/7/2018,732-673-2150,9/12/1967,F,1967
8038,8,Basil,Brett@Morbi.edu,9/26/2017,379-762-1011,12/15/1970,M,1970
8039,8,Leonard,Chaim@sagittis.gov,6/26/2017,157-951-9969,11/15/1963,M,1963
8040,8,Bradley,Igor@luctus.us,5/16/2018,066-801-4456,4/24/1984,M,1984
8041,8,Amethyst,Tyrone@viverra.com,2/3/2019,502-414-3804,11/10/1962,F,1962
8042,8,Louis,Irene@in.net,7/3/2017,826-340-3275,10/22/1995,M,1995
8043,8,Darryl,Yvonne@habitant.gov,9/23/2017,628-634-5655,10/4/1982,F,1982
8044,8,Perry,Rose@dictum.us,5/18/2018,647-991-1761,9/11/1953,M,1953
8045,8,Barry,Teegan@magna.edu,5/11/2018,451-001-8551,4/18/1997,M,1997
8046,8,Kessie,Damon@sagittis.us,6/5/2018,818-582-4616,5/22/1964,F,1964
8047,8,Jaquelyn,Joy@Pellentesque.edu,7/19/2017,162-746-4050,8/24/1973,F,1973
8048,8,Buckminster,Macy@sociosqu.us,8/21/2018,123-866-9852,11/4/1996,N,1996
8049,8,Ira,Myra@inceptos.gov,10/29/2017,076-993-1525,7/16/1994,N,1994
8050,8,Summer,Isabelle@Phasellus.edu,1/22/2018,145-143-1395,9/18/1961,F,1961
8051,8,Phelan,Declan@dictum.net,1/17/2018,097-960-4518,12/14/1985,M,1985
8052,8,Orla,Lester@molestie.org,1/7/2018,857-993-3652,9/11/1996,N,1996
8053,8,Mannix,Dexter@euismod.net,10/19/2018,475-381-2971,9/5/1981,M,1981
8054,8,Hashim,Alan@metus.com,11/3/2018,686-031-9511,7/28/1967,M,1967
8055,8,Bo,Wade@viverra.org,4/21/2018,274-922-3781,6/14/1985,F,1985
8056,8,Jamalia,Melissa@nulla.us,6/1/2018,922-932-5399,2/14/1964,F,1964
8057,8,Brady,Quinn@posuere.us,2/12/2017,414-106-3308,4/3/1960,M,1960
8058,8,Sydnee,Orson@neque.net,1/10/2019,161-034-8163,12/28/1991,N,1991
8059,8,Orlando,Candice@rhoncus.net,11/24/2018,473-609-8955,11/2/1964,M,1964
8060,8,Nell,Kaseem@fames.org,1/14/2017,439-432-8011,4/21/1994,F,1994
8061,8,Mufutau,Rafael@sociis.org,10/3/2018,219-081-1899,9/20/1984,M,1984
8062,8,Meghan,Amos@Curabitur.com,12/27/2017,376-533-6948,5/12/1963,F,1963
8063,8,Neve,Clarke@egestas.org,1/31/2017,206-883-8196,1/5/1956,F,1956
8064,8,Keane,Erich@nascetur.us,10/26/2018,105-317-8234,7/24/1989,M,1989
8065,8,Nero,Xenos@mus.net,5/29/2018,831-930-4250,11/29/1995,M,1995
8066,8,Oprah,Buffy@montes.net,6/2/2017,079-770-3747,9/29/1991,F,1991
8067,8,Denton,Dominic@tempor.org,7/29/2018,926-474-6156,6/23/1996,M,1996
8068,8,Yoshi,Marvin@quis.org,8/29/2017,826-314-0430,3/4/1992,N,1992
8069,8,Brittany,Elvis@non.com,9/25/2018,078-856-3510,10/8/1967,F,1967
8070,8,Rahim,Mufutau@enim.net,3/4/2017,529-580-6357,8/13/1979,M,1979
8071,8,Simone,Oren@eu.net,9/13/2018,290-223-8767,4/8/1952,F,1952
8072,8,Lana,Sybil@vel.us,10/30/2017,549-192-0795,4/12/1973,F,1973
8073,8,Macon,Acton@mi.gov,6/16/2018,588-346-6184,7/8/1959,M,1959
8074,8,Anjolie,Hayes@natoque.net,12/4/2018,457-614-4681,11/6/1989,N,1989
8075,8,Evangeline,Zephania@ad.us,9/14/2018,717-435-8927,6/12/1987,F,1987
8076,8,Stuart,Isadora@posuere.us,3/3/2018,107-782-0460,10/14/1968,M,1968
8077,8,Meredith,Brent@imperdiet.edu,3/6/2017,998-214-9487,1/13/1974,F,1974
8078,8,Hammett,Timothy@orci.gov,7/25/2017,686-657-1951,1/9/1978,M,1978
8079,8,Raphael,Victor@mauris.edu,6/6/2017,642-590-8896,10/30/1985,M,1985
8080,8,Lila,Dacey@primis.gov,9/5/2018,254-332-8882,10/29/1979,F,1979
8081,8,Dorothy,Quon@at.gov,6/29/2017,633-308-2054,6/23/1980,F,1980
8082,8,Zachery,Clayton@suscipit.org,8/17/2017,658-469-1570,4/26/1981,M,1981
8083,8,Christen,Leo@egestas.org,8/23/2017,385-972-1585,4/13/1990,F,1990
8084,8,Holmes,Gil@est.gov,1/18/2019,936-615-6510,8/4/1963,M,1963
8085,8,Rhea,Rajah@Cras.net,7/13/2017,729-798-6328,4/24/1990,N,1990
8086,8,Damon,Larissa@ornare.org,3/20/2018,405-403-3165,10/12/1983,M,1983
8087,8,Nola,Jelani@sodales.edu,10/21/2018,423-955-2452,9/3/1961,F,1961
8088,8,Kareem,Brynn@tortor.org,11/2/2018,769-936-3409,9/4/1950,M,1950
8089,8,Quintessa,Evangeline@auctor.org,3/27/2018,069-650-9221,4/7/2000,N,2000
8090,8,Montana,Sharon@montes.com,4/5/2017,228-546-1327,12/20/1956,F,1956
8091,8,Xandra,Dale@pharetra.net,8/9/2018,393-789-1905,9/14/1998,F,1998
8092,8,Willow,Rhoda@auctor.net,1/23/2018,022-413-0530,5/1/1991,F,1991
8093,8,Rahim,Wesley@at.gov,5/30/2018,331-924-5032,6/29/1988,M,1988
8094,8,Daria,Armand@vestibulum.org,2/20/2018,346-118-3520,6/9/1992,N,1992
8095,8,Rhonda,Laith@Suspendisse.us,11/24/2017,320-424-9695,11/14/1977,F,1977
8096,8,Plato,Zephania@felis.com,3/30/2019,756-185-8954,12/13/1991,N,1991
8097,8,Aline,Unity@urna.com,3/4/2019,930-938-8301,8/11/1976,F,1976
8098,8,Ariana,Maite@ullamcorper.gov,12/8/2017,881-422-4522,9/7/1968,F,1968
8099,8,Amity,Gannon@sem.net,3/21/2018,146-428-0486,2/12/1959,F,1959
8100,8,Germane,Zelenia@gravida.net,1/26/2019,619-020-4085,3/17/1968,F,1968
8101,8,Summer,Kitra@ut.com,12/20/2018,590-815-0071,6/29/1974,F,1974
8102,8,Echo,Hayden@nascetur.edu,2/22/2019,825-040-0765,11/26/1987,F,1987
8103,8,Oliver,Portia@porta.com,10/23/2017,698-670-1109,1/30/1960,M,1960
8104,8,Rajah,Robert@conubia.us,7/6/2017,395-059-7294,6/25/1992,N,1992
8105,8,Ryan,Quamar@adipiscing.org,8/21/2017,113-820-2368,5/3/1994,M,1994
8106,8,Fiona,Mohammad@ridiculus.us,6/23/2017,931-298-4873,4/25/1984,F,1984
8107,8,Lucas,Latifah@neque.gov,9/16/2018,284-493-9862,9/29/1995,N,1995
8108,8,Marsden,Heidi@habitant.org,9/4/2017,287-195-7638,9/8/1981,M,1981
8109,8,Herman,Cole@nibh.us,4/25/2018,299-539-9648,6/25/1960,M,1960
8110,8,Oren,Lance@diam.edu,4/10/2017,453-814-5129,3/3/1951,M,1951
8111,8,Timothy,Dominique@accumsan.org,1/11/2018,408-724-5219,5/28/1961,M,1961
8112,8,Lucas,Trevor@accumsan.us,1/26/2018,650-194-7380,12/14/1988,N,1988
8113,8,Hall,Raymond@nisl.edu,1/8/2017,870-742-2774,3/17/1998,M,1998
8114,8,Geraldine,Wyoming@magnis.us,3/30/2019,012-792-3318,5/16/2000,F,2000
8115,8,Iris,Julian@amet.edu,1/9/2017,156-491-7012,5/12/1973,F,1973
8116,8,Alexis,Jorden@Etiam.net,9/14/2017,100-730-7965,6/30/1967,F,1967
8117,8,Genevieve,Brynne@consequat.us,6/22/2017,691-782-3338,11/4/1984,F,1984
8118,8,Ralph,Keegan@nec.gov,3/17/2017,974-011-3365,9/17/1958,M,1958
8119,8,Willow,Hayfa@ullamcorper.org,4/13/2018,623-639-5408,6/3/1969,F,1969
8120,8,Indira,Moses@metus.gov,10/20/2017,303-810-2486,2/12/1990,F,1990
8121,8,Rooney,Audrey@Aenean.gov,3/25/2018,273-860-3984,12/21/1996,M,1996
8122,8,Winter,Callie@felis.us,1/8/2017,333-507-3141,2/26/1998,F,1998
8123,8,Marny,Rajah@laoreet.net,6/8/2018,903-549-1561,11/4/1972,F,1972
8124,8,Teegan,Katelyn@sociosqu.net,10/23/2018,980-948-6242,9/3/1984,F,1984
8125,8,Hannah,Raymond@Aenean.com,2/4/2018,916-172-4117,1/18/1974,F,1974
8126,8,Benjamin,Leandra@nascetur.gov,6/4/2017,346-252-3898,10/3/1960,M,1960
8127,8,Benjamin,Madeline@egestas.gov,2/8/2017,513-638-3474,2/4/1981,M,1981
8128,8,Graham,Noelle@interdum.gov,9/21/2018,775-134-6240,10/23/1993,N,1993
8129,8,Amanda,Venus@consequat.net,2/20/2018,982-576-2704,11/30/1952,F,1952
8130,8,Upton,Reese@Class.edu,5/21/2017,022-835-4786,7/26/1981,M,1981
8131,8,Ray,James@venenatis.net,5/3/2017,582-670-2402,7/2/1971,M,1971
8132,8,Burton,Nigel@ligula.net,8/7/2017,026-634-4485,12/11/1960,M,1960
8133,8,Shelby,Rahim@sagittis.gov,9/19/2017,806-426-4723,7/28/2000,F,2000
8134,8,Signe,Charde@elit.us,8/21/2017,582-963-8061,3/1/1995,F,1995
8135,8,Hollee,Bo@scelerisque.org,12/2/2018,892-780-1640,11/14/1977,F,1977
8136,8,Kyra,Akeem@vulputate.com,12/17/2017,944-114-1720,5/15/1993,F,1993
8137,8,Hector,Cadman@elementum.edu,2/26/2019,899-014-6274,4/29/1957,M,1957
8138,8,Barclay,Autumn@dapibus.net,5/5/2017,281-665-8066,1/18/1996,N,1996
8139,8,Paki,Peter@Maecenas.edu,4/24/2017,994-377-0498,3/15/1957,M,1957
8140,8,Dolan,Kaye@risus.us,10/21/2017,991-272-5258,4/24/1965,M,1965
8141,8,Adara,Emily@non.net,10/2/2018,524-204-1696,2/25/1990,N,1990
8142,8,Dahlia,Rinah@posuere.gov,10/31/2017,589-980-5102,4/11/1968,F,1968
8143,8,Uma,Stacy@Maecenas.edu,3/5/2018,403-737-2355,2/12/1992,N,1992
8144,8,Leslie,Charissa@Integer.us,2/27/2018,182-572-1544,9/8/1975,F,1975
8145,8,Beck,Elton@dapibus.net,8/26/2018,816-825-4926,11/17/1951,M,1951
8146,8,Ciara,Rigel@luctus.com,11/8/2017,193-078-2397,3/19/1999,N,1999
8147,8,Bianca,Xanthus@erat.us,4/17/2018,778-697-9279,5/20/1995,N,1995
8148,8,Courtney,Nicole@Vivamus.com,6/14/2017,871-378-9621,11/24/1997,F,1997
8149,8,Lev,Jonas@faucibus.edu,8/5/2018,674-197-1577,3/20/1996,N,1996
8150,8,Orla,Phyllis@dignissim.gov,10/3/2017,019-089-8934,9/4/1986,F,1986
8151,8,Burke,Dora@senectus.net,11/22/2017,776-069-5251,9/15/1963,M,1963
8152,8,Raven,Freya@rutrum.net,10/18/2017,671-325-3231,1/28/1972,F,1972
8153,8,Raya,Jelani@laoreet.net,12/9/2017,234-573-9226,11/21/1964,F,1964
8154,8,Raven,Wanda@felis.us,10/18/2018,408-066-2787,7/12/1992,N,1992
8155,8,Kitra,Rylee@tellus.net,1/30/2017,911-024-6796,3/12/1987,F,1987
8156,8,Hammett,Kalia@taciti.com,6/2/2017,726-725-2088,7/1/1989,N,1989
8157,8,Walter,Roary@Pellentesque.us,4/16/2018,001-565-1409,1/12/1990,M,1990
8158,8,Martina,Ashton@pede.net,9/30/2018,849-960-3026,11/25/1987,F,1987
8159,8,Tanya,Beck@ad.us,9/13/2018,205-316-9428,3/2/1955,F,1955
8160,8,Blossom,Tamekah@tincidunt.gov,6/18/2018,573-204-4474,7/25/1999,N,1999
8161,8,Chanda,Cameron@nonummy.net,8/13/2017,475-345-9195,7/4/1995,N,1995
8162,8,Erich,Adena@Cum.gov,12/9/2018,759-909-9988,1/10/1983,M,1983
8163,8,Perry,Deacon@nascetur.gov,6/27/2017,962-151-3671,8/10/1993,N,1993
8164,8,Cameron,Kristen@arcu.net,3/20/2019,790-834-2908,7/30/1977,M,1977
8165,8,Jolie,Duncan@quam.us,10/11/2017,699-241-8432,9/24/1994,F,1994
8166,8,Aristotle,Lesley@est.gov,6/6/2018,174-388-6640,3/15/1992,M,1992
8167,8,Dean,Madeline@nisi.gov,3/14/2018,979-135-1641,1/16/1953,M,1953
8168,8,Jelani,Pamela@dictum.edu,5/23/2017,994-951-4580,7/31/1978,M,1978
8169,8,Martha,Berk@facilisis.net,8/7/2017,417-888-6107,6/22/1980,F,1980
8170,8,Anne,Calvin@nunc.org,2/18/2018,035-084-9112,5/26/1950,F,1950
8171,8,Yael,Kristen@Nam.us,8/24/2018,358-755-4121,4/8/1993,F,1993
8172,8,Maggie,Emerald@pulvinar.gov,11/24/2018,995-525-3370,12/9/1966,F,1966
8173,8,Roary,Joy@eget.org,9/17/2018,835-276-2179,4/2/2000,F,2000
8174,8,Lunea,Beck@taciti.net,11/3/2017,763-780-6404,5/12/1957,F,1957
8175,8,Regina,Rafael@Praesent.edu,12/22/2018,307-836-7958,2/17/1965,F,1965
8176,8,Garrett,Slade@congue.org,1/7/2017,469-461-4355,11/4/1957,M,1957
8177,8,Elijah,Kane@congue.us,4/8/2019,804-870-9086,2/6/1953,M,1953
8178,8,Jocelyn,Sopoline@aliquam.edu,1/9/2017,607-439-8375,11/23/1998,F,1998
8179,8,Anthony,Slade@interdum.org,5/3/2018,628-505-2011,4/30/1957,M,1957
8180,8,Lionel,Ainsley@morbi.com,11/20/2017,391-495-6306,2/26/1960,M,1960
8181,8,Hannah,Illiana@purus.net,6/11/2017,138-364-6085,3/3/1995,N,1995
8182,8,Hakeem,Denton@metus.net,9/13/2018,007-543-0443,11/2/1992,M,1992
8183,8,Frances,Xaviera@Class.us,6/11/2018,343-230-9352,7/1/1971,F,1971
8184,8,Nathan,Emery@et.org,5/6/2018,864-616-8007,3/30/1991,M,1991
8185,8,Callum,Edan@montes.us,8/12/2018,153-325-1671,7/28/1997,N,1997
8186,8,Blaze,Quamar@Etiam.edu,12/3/2018,083-801-0767,3/3/1983,M,1983
8187,8,Ina,Neville@condimentum.net,7/24/2017,468-506-7851,6/3/1968,F,1968
8188,8,Kyla,Maya@montes.org,3/4/2018,395-622-7390,12/25/1963,F,1963
8189,8,Irene,Micah@sociis.us,11/20/2017,530-478-5879,6/4/1976,F,1976
8190,8,Elizabeth,Garth@interdum.net,6/2/2017,698-970-3375,10/25/1963,F,1963
8191,8,Ivor,Noah@porttitor.net,4/12/2018,384-217-9218,9/6/1985,M,1985
8192,8,Gareth,Dacey@nulla.org,1/4/2018,198-218-3772,2/17/1963,M,1963
8193,8,Harlan,Cameron@metus.com,6/16/2018,411-170-7489,12/26/1964,M,1964
8194,8,Savannah,Keith@senectus.us,4/16/2017,678-488-3788,6/2/1970,F,1970
8195,8,Sawyer,Dorothy@porttitor.org,5/13/2018,766-891-5038,5/2/1993,M,1993
8196,8,Fay,Xenos@amet.gov,1/26/2018,513-175-8466,5/2/1999,N,1999
8197,8,Marvin,Fletcher@massa.com,9/11/2017,822-519-2896,1/10/1996,M,1996
8198,8,David,Shea@facilisis.gov,11/17/2018,144-228-8173,3/29/1953,M,1953
8199,8,Charlotte,Stewart@felis.gov,3/9/2019,546-240-9729,9/27/1995,N,1995
8200,8,Cleo,Lacy@Nam.net,2/16/2019,258-533-4485,12/15/1987,F,1987
8201,8,Felix,Haviva@sociis.org,3/7/2017,542-200-5289,1/26/1960,M,1960
8202,8,Judah,Ethan@scelerisque.us,11/9/2018,642-121-1152,11/23/1950,M,1950
8203,8,Cora,Winifred@orci.us,2/12/2019,812-051-0628,7/2/2000,N,2000
8204,8,Wallace,Zena@odio.net,7/2/2018,695-255-6504,3/26/1995,N,1995
8205,8,Nevada,Cooper@imperdiet.org,8/16/2017,752-347-6802,4/6/2000,F,2000
8206,8,Rosalyn,Leila@pulvinar.org,2/6/2018,488-122-1222,10/12/1986,F,1986
8207,8,Denton,Zane@facilisi.com,6/20/2018,632-869-0978,4/12/1988,M,1988
8208,8,Henry,Melinda@Class.us,8/27/2018,713-675-2508,8/1/1995,N,1995
8209,8,Idola,Jayme@non.edu,7/13/2018,525-843-3347,10/5/1980,F,1980
8210,8,Gabriel,Tiger@in.gov,1/19/2018,847-683-1429,8/18/1987,M,1987
8211,8,Hayes,Britanney@Pellentesque.us,1/7/2018,938-676-1913,5/13/1970,M,1970
8212,8,Evan,Whilemina@nibh.us,5/5/2018,877-859-9970,4/4/1991,M,1991
8213,8,Kyle,Nash@dui.edu,4/6/2019,303-672-6414,7/27/1988,M,1988
8214,8,Ann,Levi@habitant.us,9/20/2017,180-733-6572,4/4/1956,F,1956
8215,8,Rigel,Inga@sociosqu.org,4/13/2018,978-160-8391,3/14/1959,M,1959
8216,8,Ruby,Lars@nisl.org,2/26/2019,342-547-1648,8/19/1999,F,1999
8217,8,Jermaine,Kimberly@odio.us,6/9/2018,116-993-3729,11/27/1959,M,1959
8218,8,Farrah,Kelly@Aenean.net,3/24/2017,502-947-2286,5/21/1967,F,1967
8219,8,Natalie,Carlos@nonummy.us,10/1/2018,085-129-8748,3/11/1957,F,1957
8220,8,Hermione,Baker@Donec.edu,9/29/2017,568-085-8311,6/6/1959,F,1959
8221,8,Rinah,Barbara@auctor.gov,8/23/2017,667-957-7337,6/13/1983,F,1983
8222,8,Meghan,Lavinia@Donec.gov,12/7/2018,348-275-0249,9/17/1952,F,1952
8223,8,Hasad,Nayda@sodales.edu,3/27/2017,919-260-7479,5/17/1970,M,1970
8224,8,Tyler,Rhonda@metus.edu,12/24/2017,371-433-9927,11/15/1951,M,1951
8225,8,Sandra,Murphy@nascetur.com,6/27/2018,401-904-5163,11/27/1975,F,1975
8226,8,Kieran,Amela@natoque.com,4/6/2018,692-548-6597,8/19/1952,M,1952
8227,8,Trevor,Jin@ad.gov,4/7/2019,374-168-1690,4/6/1952,M,1952
8228,8,Matthew,Tallulah@primis.com,1/16/2017,156-636-8300,4/5/1975,M,1975
8229,8,Honorato,Tyrone@Vivamus.gov,11/14/2017,637-874-9930,6/18/1991,N,1991
8230,8,Deirdre,Branden@a.us,2/5/2019,908-330-4782,3/28/1990,N,1990
8231,8,Finn,Jackson@Morbi.us,7/31/2018,978-810-4694,10/7/1993,N,1993
8232,8,Ronan,Molly@viverra.com,1/24/2018,399-005-7357,3/20/1974,M,1974
8233,8,Ursula,Hope@laoreet.com,10/6/2017,288-466-2861,6/1/1994,N,1994
8234,8,Deirdre,Glenna@ultricies.org,3/13/2019,520-419-7235,2/17/2001,N,2001
8235,8,Winter,Salvador@dapibus.edu,8/18/2017,147-702-5057,11/24/1958,F,1958
8236,8,Maxwell,Deacon@parturient.com,5/9/2018,309-844-8807,6/11/1971,M,1971
8237,8,Julie,Chanda@quis.edu,6/4/2017,391-019-3869,6/26/1998,F,1998
8238,8,Peter,Mechelle@blandit.edu,3/19/2019,041-477-8502,6/24/1992,M,1992
8239,8,Callie,Xaviera@pulvinar.com,4/5/2018,105-261-1144,1/11/1997,N,1997
8240,8,Camilla,Cullen@orci.gov,3/25/2018,349-595-2984,3/27/1955,F,1955
8241,8,Chantale,Wallace@Curabitur.gov,4/4/2017,165-552-9817,1/11/2000,F,2000
8242,8,Donovan,Audra@dui.org,8/8/2018,533-432-2362,4/18/1988,M,1988
8243,8,Tatiana,Britanney@ut.us,5/22/2018,441-018-1748,3/22/1962,F,1962
8244,8,Judah,Adele@Lorem.edu,5/11/2017,353-644-7374,7/31/1958,M,1958
8245,8,Angela,Garrett@Lorem.com,1/24/2018,513-396-2357,2/5/1997,N,1997
8246,8,Sonya,Cherokee@purus.net,3/18/2017,521-039-7182,2/21/1972,F,1972
8247,8,Natalie,Irene@volutpat.gov,2/23/2018,322-761-0794,10/17/1954,F,1954
8248,8,Regan,Clementine@volutpat.org,11/23/2017,844-557-5661,7/8/1993,N,1993
8249,8,Rhoda,Eaton@dapibus.net,2/25/2019,790-495-4519,11/15/1957,F,1957
8250,8,Clinton,Blossom@a.us,9/8/2017,096-737-1602,8/4/1954,M,1954
8251,8,Alika,James@amet.net,10/6/2017,042-267-6015,2/18/1976,F,1976
8252,8,Ferdinand,Cynthia@nunc.org,9/14/2017,018-309-5319,4/8/1959,M,1959
8253,8,Theodore,Kalia@eu.us,4/5/2018,927-137-1824,7/30/1978,M,1978
8254,8,Celeste,Channing@magnis.gov,1/8/2017,592-227-9560,3/21/1967,F,1967
8255,8,Dahlia,Lacey@iaculis.edu,5/15/2018,834-198-8247,9/19/1996,N,1996
8256,8,Cruz,Blake@Ut.com,8/16/2018,174-407-7996,12/3/1996,M,1996
8257,8,Brenden,Tucker@Aliquam.edu,6/21/2018,053-124-6909,8/27/1981,M,1981
8258,8,Fuller,Wallace@dui.com,5/20/2017,762-144-2122,11/20/1981,M,1981
8259,8,Cheryl,Liberty@sollicitudin.edu,2/13/2019,096-125-2210,7/1/1998,F,1998
8260,8,Joseph,Paul@imperdiet.edu,2/13/2018,149-540-3810,1/11/1985,M,1985
8261,8,Jackson,Davis@volutpat.edu,10/20/2017,531-414-7594,11/14/1952,M,1952
8262,8,Ryan,Bethany@non.edu,1/23/2017,422-188-5522,7/25/1980,M,1980
8263,8,Unity,Ivana@id.org,5/13/2018,848-396-2467,2/6/1988,F,1988
8264,8,Leah,Carla@litora.gov,1/29/2018,504-730-4376,12/1/1988,F,1988
8265,8,Zena,Scarlet@ullamcorper.org,4/8/2019,772-137-6703,5/11/1974,F,1974
8266,8,Brandon,Palmer@euismod.gov,2/28/2018,943-683-6835,9/3/1952,M,1952
8267,8,Jin,Vera@feugiat.us,9/19/2018,756-767-0209,2/24/1985,M,1985
8268,8,Amethyst,Illiana@dapibus.gov,9/28/2018,733-233-5132,10/27/1979,F,1979
8269,8,Sheila,Sonya@semper.net,11/2/2017,378-513-8745,8/26/1961,F,1961
8270,8,Sawyer,Hayes@ornare.org,6/9/2017,661-093-4045,12/16/1995,M,1995
8271,8,Barry,Britanni@torquent.edu,2/5/2017,068-581-4056,6/26/1987,M,1987
8272,8,Xandra,Aline@mi.net,12/26/2018,727-680-0174,4/23/1991,N,1991
8273,8,Sasha,Blaze@auctor.org,12/12/2017,038-201-0426,3/1/1974,F,1974
8274,8,Carolyn,Lillian@gravida.edu,9/17/2018,509-030-4926,5/26/1956,F,1956
8275,8,Josephine,Brady@at.gov,10/24/2017,816-998-3345,11/10/1997,F,1997
8276,8,Akeem,Martina@volutpat.com,3/2/2017,308-521-2047,7/3/1995,N,1995
8277,8,Genevieve,Hunter@imperdiet.edu,4/16/2017,539-723-1542,11/16/1995,F,1995
8278,8,Lawrence,Eliana@pharetra.gov,5/28/2017,855-524-3029,5/9/1973,M,1973
8279,8,Willa,Erasmus@diam.org,7/3/2018,129-275-9924,11/12/1998,N,1998
8280,8,Zane,Nigel@quam.gov,10/24/2017,375-413-5445,7/15/1997,N,1997
8281,8,Rinah,Fitzgerald@per.net,11/18/2018,725-632-9678,9/30/1953,F,1953
8282,8,Ignatius,Illana@pretium.org,7/10/2017,714-725-5205,8/22/1999,N,1999
8283,8,Tobias,Jillian@ornare.net,4/15/2017,348-817-2189,9/20/1996,M,1996
8284,8,Kato,Tyrone@quis.us,8/20/2018,778-613-9182,6/9/1970,M,1970
8285,8,Francesca,Audrey@magna.us,10/26/2018,174-904-8035,9/21/1990,N,1990
8286,8,Erin,Kamal@fames.net,5/29/2017,389-280-3789,5/30/1992,N,1992
8287,8,Dane,Iona@risus.edu,8/11/2017,009-922-7156,11/25/1967,M,1967
8288,8,Nicholas,Cole@taciti.com,1/16/2018,450-942-3065,10/30/1963,M,1963
8289,8,Gavin,Vernon@primis.gov,6/1/2018,636-930-0481,12/22/1998,M,1998
8290,8,Xanthus,Rigel@Donec.us,5/31/2017,237-897-6801,4/16/1989,M,1989
8291,8,Helen,Evelyn@Mauris.net,4/29/2017,612-637-4717,2/16/1995,F,1995
8292,8,George,Moses@malesuada.edu,12/12/2018,599-350-7759,12/25/1980,M,1980
8293,8,Kyle,Breanna@lacinia.org,9/18/2018,412-714-7813,5/21/1958,M,1958
8294,8,Charlotte,Xaviera@Quisque.com,1/3/2017,385-899-7846,4/30/1993,F,1993
8295,8,Veronica,Minerva@Cras.edu,6/12/2017,443-639-9316,1/14/1962,F,1962
8296,8,Joel,Wayne@Aliquam.edu,5/8/2017,704-533-5396,10/18/1999,M,1999
8297,8,Cherokee,Gillian@sollicitudin.gov,11/17/2017,522-014-5923,7/9/1974,F,1974
8298,8,Dorothy,Ifeoma@dolor.net,4/6/2018,377-260-8986,7/13/1978,F,1978
8299,8,Amber,Isabelle@eros.edu,10/3/2018,390-925-4024,3/16/1976,F,1976
8300,8,Patience,Ian@dapibus.us,4/7/2019,239-936-2721,7/25/1986,F,1986
8301,8,Nasim,Ryan@Fusce.edu,12/7/2017,450-841-8948,1/21/1984,M,1984
8302,8,Yvette,Amelia@Mauris.org,2/28/2019,406-750-2048,9/5/1958,F,1958
8303,8,Grady,Wesley@odio.edu,3/17/2017,929-429-4863,4/29/1981,M,1981
8304,8,Debra,Ciara@sit.gov,7/27/2018,960-879-2531,3/17/1997,F,1997
8305,8,Brenden,Zelenia@ultricies.com,10/17/2018,876-650-5285,4/17/1994,M,1994
8306,8,Alma,Sylvia@enim.net,3/11/2017,063-304-9091,9/18/1998,N,1998
8307,8,Nyssa,Quentin@nibh.gov,1/30/2019,745-688-1429,2/18/1951,F,1951
8308,8,Burton,William@netus.edu,6/5/2017,878-184-9425,5/29/1962,M,1962
8309,8,Ignatius,Indigo@nisl.com,12/28/2018,892-318-3873,4/10/1956,M,1956
8310,8,Eagan,Jelani@urna.com,10/9/2017,999-480-1446,7/19/1984,M,1984
8311,8,Hanna,Rylee@taciti.org,3/27/2017,549-244-2656,6/6/1967,F,1967
8312,8,Dennis,Alyssa@fames.edu,11/6/2017,247-629-2420,3/31/1959,M,1959
8313,8,Sierra,Chandler@porttitor.com,11/8/2018,558-069-5363,12/28/1995,N,1995
8314,8,Leigh,Nolan@Vivamus.edu,8/23/2017,590-249-7835,3/25/2000,N,2000
8315,8,Solomon,Martin@consectetuer.net,9/14/2018,979-317-3713,5/26/1958,M,1958
8316,8,Josephine,Prescott@Sed.com,6/3/2017,229-562-8059,7/18/2000,F,2000
8317,8,Scarlet,Glenna@eleifend.net,12/24/2018,213-101-2389,12/9/1999,F,1999
8318,8,Cody,Brock@rutrum.gov,12/18/2018,545-707-0445,11/18/1957,M,1957
8319,8,Gareth,Solomon@faucibus.us,3/14/2018,293-761-9275,11/8/1965,M,1965
8320,8,Stella,Jerry@Quisque.us,2/14/2018,657-913-3014,7/1/1995,N,1995
8321,8,September,Ronan@ac.gov,4/16/2017,235-379-5219,3/17/1980,F,1980
8322,8,Chanda,Rowan@pellentesque.edu,3/21/2019,983-464-8781,6/15/1969,F,1969
8323,8,Kirby,Leandra@sollicitudin.org,5/14/2017,929-009-1714,10/19/1989,F,1989
8324,8,Naida,Amber@Pellentesque.gov,1/29/2019,724-363-0932,1/12/1967,F,1967
8325,8,Guinevere,Gillian@id.net,1/15/2017,256-309-6018,2/13/1969,F,1969
8326,8,Teagan,Beatrice@nulla.com,1/22/2017,610-078-6991,6/3/1998,N,1998
8327,8,Phyllis,Emerald@hendrerit.edu,1/16/2019,289-743-5002,12/16/1987,F,1987
8328,8,Buffy,Jack@Morbi.gov,1/8/2019,351-336-1057,12/3/1998,F,1998
8329,8,Constance,Keefe@pellentesque.edu,2/16/2019,983-120-8632,3/23/1955,F,1955
8330,8,Garrett,Matthew@erat.org,6/18/2017,807-028-8026,8/6/1960,M,1960
8331,8,Owen,Hadassah@ipsum.edu,8/26/2018,400-965-1542,3/27/1978,M,1978
8332,8,Zachery,Melissa@tempor.org,2/28/2019,800-292-5341,8/18/1985,M,1985
8333,8,Clinton,Lee@gravida.gov,2/12/2019,130-885-2809,6/8/1974,M,1974
8334,8,Cyrus,Yardley@luctus.net,3/29/2018,284-461-8662,11/25/1955,M,1955
8335,8,Peter,Noble@felis.net,2/21/2018,944-161-3141,1/10/1966,M,1966
8336,8,Rhonda,Amal@lectus.gov,11/26/2017,836-705-0650,1/28/1991,N,1991
8337,8,Rhoda,Adena@elit.gov,9/17/2018,923-649-7275,7/6/1976,F,1976
8338,8,Iona,Jemima@molestie.us,2/6/2019,275-617-1107,6/25/2000,F,2000
8339,8,Raja,Scott@scelerisque.gov,4/11/2018,476-894-1098,7/14/1990,N,1990
8340,8,Amal,Joy@aliquet.com,5/5/2017,071-202-2952,4/23/2000,N,2000
8341,8,Ferdinand,Abel@pulvinar.gov,6/8/2017,238-448-5604,2/22/1973,M,1973
8342,8,Hammett,Brian@imperdiet.edu,11/19/2017,956-905-4885,11/6/1975,M,1975
8343,8,Dante,Delilah@metus.us,1/19/2019,199-728-9836,4/27/1993,N,1993
8344,8,Cecilia,Stewart@rutrum.com,1/14/2018,481-720-0690,4/22/1988,N,1988
8345,8,Shannon,TaShya@dis.us,1/12/2017,167-329-1591,6/6/1988,F,1988
8346,8,Ayanna,Robin@aliquam.net,6/4/2017,748-064-1414,7/5/1976,F,1976
8347,8,Alana,Martin@mus.com,10/26/2017,336-314-9456,10/20/1955,F,1955
8348,8,Ronan,Tashya@Lorem.gov,6/5/2017,817-629-7288,2/11/1964,M,1964
8349,8,Priscilla,Kay@Fusce.net,1/13/2019,001-515-6746,12/31/2000,F,2000
8350,8,Kirk,Alvin@ultricies.edu,11/25/2017,546-812-6101,12/23/1957,M,1957
8351,8,Kiona,Oren@penatibus.com,1/22/2018,890-301-3128,3/23/1961,F,1961
8352,8,Todd,Kane@ad.org,12/12/2017,974-515-7229,10/6/1983,M,1983
8353,8,Cailin,Kai@sollicitudin.gov,2/20/2017,318-818-4047,11/1/1994,N,1994
8354,8,Sandra,Camille@Lorem.us,3/30/2017,819-168-4613,6/15/1960,F,1960
8355,8,Alec,Chaney@vehicula.edu,2/14/2017,464-266-5720,11/3/1974,M,1974
8356,8,Kennan,Astra@vehicula.edu,7/25/2018,489-374-3043,10/31/1968,M,1968
8357,8,Kenneth,Davis@nulla.edu,1/13/2019,032-509-8230,2/19/1973,M,1973
8358,8,Brenna,Anastasia@amet.us,10/24/2018,808-714-0268,3/23/1994,F,1994
8359,8,Emi,Drake@pede.org,8/19/2017,885-078-9019,7/3/1979,F,1979
8360,8,Delilah,Avram@consectetuer.net,10/4/2018,816-789-8142,4/10/1968,F,1968
8361,8,Dara,Illana@sed.us,12/15/2018,311-239-0511,11/9/1992,F,1992
8362,8,Chadwick,Rose@facilisi.us,1/7/2019,481-124-9299,12/23/1965,M,1965
8363,8,Madaline,Abbot@posuere.org,3/30/2019,000-568-0551,6/5/1973,F,1973
8364,8,Duncan,Jolie@dolor.gov,10/21/2017,645-021-7419,2/16/1965,M,1965
8365,8,Flynn,Ariel@hendrerit.gov,6/26/2018,454-963-7887,3/8/1972,M,1972
8366,8,Jayme,Carlos@semper.com,7/13/2017,432-294-6616,11/12/1973,F,1973
8367,8,Arsenio,Bruce@facilisis.us,8/5/2018,372-814-9981,8/13/1987,M,1987
8368,8,Nita,Ingrid@consequat.gov,11/3/2017,473-429-7696,11/23/1987,F,1987
8369,8,Paula,Quamar@tempor.org,5/22/2018,111-321-3570,10/21/1989,F,1989
8370,8,Maya,Lesley@cursus.com,9/10/2018,178-883-2525,8/27/1969,F,1969
8371,8,Serena,Gillian@taciti.us,7/3/2017,998-534-0478,4/26/1962,F,1962
8372,8,Elton,Cain@Sed.gov,1/21/2017,190-630-7798,10/14/1997,M,1997
8373,8,Jared,Mira@rutrum.com,12/5/2018,878-204-0249,2/8/1993,M,1993
8374,8,Thaddeus,Plato@magna.com,10/5/2018,419-228-6442,4/10/1989,M,1989
8375,8,Tad,Desirae@suscipit.net,5/3/2018,411-756-2116,12/1/1999,N,1999
8376,8,Ivana,Keelie@dapibus.gov,7/3/2017,205-429-9652,12/24/1995,F,1995
8377,8,Melinda,Thaddeus@non.edu,3/29/2017,420-482-3469,2/6/1997,N,1997
8378,8,Mark,Lisandra@interdum.edu,4/16/2017,709-125-7153,2/5/1998,M,1998
8379,8,Olympia,Jayme@ultricies.edu,5/9/2018,239-889-4164,10/9/1991,N,1991
8380,8,Gisela,Hasad@parturient.net,1/31/2018,425-267-0851,4/10/1953,F,1953
8381,8,Ori,Rhea@Lorem.edu,3/25/2019,815-601-5606,2/22/1993,N,1993
8382,8,Ivana,Aspen@neque.edu,9/10/2017,885-853-6727,3/30/1977,F,1977
8383,8,Sasha,Maisie@Duis.net,2/4/2018,033-413-4843,4/14/1986,F,1986
8384,8,Leandra,Chanda@rhoncus.edu,2/28/2018,822-185-3791,9/27/1991,F,1991
8385,8,Cecilia,Hasad@lectus.gov,10/27/2017,448-465-2316,10/4/1966,F,1966
8386,8,Finn,Reuben@risus.gov,12/30/2018,688-570-4062,10/21/1953,M,1953
8387,8,Tiger,Indira@malesuada.com,12/24/2017,559-619-6871,10/2/1996,M,1996
8388,8,Prescott,Jarrod@Mauris.us,3/5/2019,382-713-9132,6/27/1996,N,1996
8389,8,Upton,Vivian@cursus.us,10/29/2017,307-601-6447,6/5/2000,N,2000
8390,8,Jelani,Herrod@odio.net,1/13/2019,367-821-8994,12/29/1996,N,1996
8391,8,Chaim,Montana@massa.com,7/20/2017,777-024-6247,12/17/1996,N,1996
8392,8,Diana,Edward@eu.net,5/16/2017,967-301-6469,2/17/1994,F,1994
8393,8,Maggy,Quail@tellus.edu,7/18/2017,459-404-1527,2/12/1989,F,1989
8394,8,Francis,Jackson@pellentesque.us,3/31/2017,531-644-1479,4/1/1991,M,1991
8395,8,Allen,Cleo@nonummy.com,8/30/2018,869-016-9101,9/5/1999,N,1999
8396,8,Mollie,Daniel@in.edu,12/31/2018,781-825-4590,8/13/1969,F,1969
8397,8,Inga,Ingrid@Nam.org,11/9/2018,935-704-4297,4/25/1972,F,1972
8398,8,Dominique,Marshall@velit.com,1/28/2017,351-466-3501,7/18/1991,F,1991
8399,8,Colin,Anthony@sodales.org,8/21/2018,507-591-4650,4/24/1960,M,1960
8400,8,Brielle,Garrison@id.gov,6/27/2017,979-868-8281,7/12/1980,F,1980
8401,8,Dolan,Bruno@mollis.net,4/7/2019,731-215-1520,11/5/1954,M,1954
8402,8,Libby,Jakeem@pellentesque.net,12/11/2018,739-783-9075,8/21/1999,F,1999
8403,8,Daniel,Nolan@dolor.edu,9/7/2018,823-883-0511,4/20/1978,M,1978
8404,8,Lillith,Merrill@In.net,12/8/2018,376-381-9382,10/30/1967,F,1967
8405,8,Ruby,Mari@per.org,1/4/2018,785-775-1527,11/29/1969,F,1969
8406,8,Dean,Avram@morbi.com,1/16/2017,335-545-3564,3/31/1966,M,1966
8407,8,Eugenia,Carla@id.net,10/13/2018,096-523-8913,9/11/1980,F,1980
8408,8,Leila,Drake@placerat.gov,1/11/2018,894-257-7766,9/4/1967,F,1967
8409,8,Rachel,Lunea@lacus.net,5/8/2017,800-958-7428,5/31/1990,F,1990
8410,8,Buffy,Fletcher@Nam.org,9/23/2018,216-220-6085,8/5/1962,F,1962
8411,8,Faith,Abel@dolor.org,9/26/2017,752-690-7117,4/15/1966,F,1966
8412,8,Malcolm,Cedric@neque.us,1/8/2019,193-832-1350,9/16/1953,M,1953
8413,8,Sheila,Kyla@odio.org,11/17/2018,668-920-6949,7/16/1994,N,1994
8414,8,Danielle,Aurora@Curabitur.edu,6/21/2018,916-165-0522,12/29/1953,F,1953
8415,8,Cameron,Jocelyn@consectetuer.net,2/6/2019,323-588-8234,6/24/1997,M,1997
8416,8,Marny,India@molestie.edu,1/20/2018,072-348-4142,4/3/1989,F,1989
8417,8,Connor,Jerome@euismod.gov,9/4/2017,340-460-7049,3/15/1986,M,1986
8418,8,Nash,Jaquelyn@Aliquam.com,10/31/2017,715-103-6721,3/10/1990,M,1990
8419,8,Norman,Wesley@enim.edu,2/24/2019,848-636-8061,10/17/1998,M,1998
8420,8,Mufutau,Sasha@netus.org,6/2/2018,288-646-6459,10/7/1962,M,1962
8421,8,Dale,Jolene@felis.edu,12/5/2017,082-905-5102,4/26/1957,M,1957
8422,8,Naomi,Uta@nostra.edu,10/30/2018,213-061-5250,7/12/1996,F,1996
8423,8,Melyssa,Rigel@pretium.edu,8/30/2017,719-279-7585,8/15/1997,N,1997
8424,8,Erasmus,Clark@aptent.org,2/25/2018,116-611-9291,9/12/1955,M,1955
8425,8,Sydney,Lillian@primis.edu,11/6/2017,218-348-7999,5/14/1992,N,1992
8426,8,Jena,Elijah@rutrum.net,3/30/2018,481-473-2832,12/25/1959,F,1959
8427,8,Linus,Quon@Morbi.us,11/21/2018,667-491-0785,12/4/1954,M,1954
8428,8,Vance,Ria@venenatis.edu,2/1/2019,559-115-7638,3/15/1964,M,1964
8429,8,Mark,Hyatt@volutpat.net,6/6/2018,818-107-8600,9/2/1992,M,1992
8430,8,Colt,Samuel@porta.us,10/3/2017,683-226-4303,5/15/1990,M,1990
8431,8,Alan,Ora@nisl.edu,4/9/2017,176-500-2596,5/4/1966,M,1966
8432,8,Rowan,Quynn@viverra.org,1/19/2019,523-951-9661,3/23/1997,N,1997
8433,8,Yuri,Clinton@in.edu,4/2/2018,445-964-8454,1/31/1989,F,1989
8434,8,Penelope,Autumn@penatibus.gov,12/25/2017,447-258-9631,1/13/1974,F,1974
8435,8,Tashya,Maisie@libero.net,2/4/2019,144-718-0046,12/11/1992,F,1992
8436,8,Wanda,Lareina@sed.gov,3/21/2019,644-784-8751,6/8/1989,F,1989
8437,8,Teagan,Adam@luctus.com,1/28/2019,187-810-7182,2/4/1952,F,1952
8438,8,Mikayla,Pearl@Proin.net,2/13/2017,450-581-6624,8/27/1984,F,1984
8439,8,Neville,Joan@magnis.net,5/25/2017,398-079-6043,2/28/1974,M,1974
8440,8,Odessa,Natalie@bibendum.com,2/7/2018,711-950-6335,7/21/1957,F,1957
8441,8,Lilah,Fatima@gravida.edu,2/28/2018,572-012-4906,12/11/1955,F,1955
8442,8,Alec,Upton@nostra.com,1/13/2017,163-680-3664,8/21/1988,M,1988
8443,8,Jorden,Pascale@imperdiet.edu,12/29/2018,599-779-4280,8/13/1963,F,1963
8444,8,Murphy,Ian@pretium.us,11/24/2017,824-968-3584,3/5/2001,M,2001
8445,8,Kalia,Courtney@purus.org,4/29/2018,874-537-9834,10/31/1992,N,1992
8446,8,Jonah,Kane@nibh.net,10/1/2018,760-987-7860,10/4/1991,M,1991
8447,8,Kadeem,Dahlia@dictum.net,5/6/2017,405-886-4701,3/25/2000,M,2000
8448,8,Hamish,Lionel@metus.com,10/18/2018,303-030-6132,4/1/1999,N,1999
8449,8,Reagan,Yoshio@nonummy.edu,11/2/2017,573-339-9244,6/28/1992,F,1992
8450,8,Ina,Sage@fermentum.org,5/3/2017,175-035-4783,4/27/1982,F,1982
8451,8,Vladimir,Karly@vitae.org,2/1/2018,295-670-4788,10/8/1996,N,1996
8452,8,Shelly,Bert@penatibus.edu,1/5/2019,554-079-5060,12/7/1958,F,1958
8453,8,Indigo,John@penatibus.edu,2/15/2019,747-951-1393,9/18/2000,F,2000
8454,8,Ignacia,Holmes@dis.us,3/21/2019,963-304-9054,7/28/1963,F,1963
8455,8,Malcolm,Basia@pretium.gov,9/7/2017,212-650-8078,3/7/1998,N,1998
8456,8,Tarik,Ann@Nam.gov,4/1/2018,732-463-4727,2/23/1963,M,1963
8457,8,Alfreda,Kamal@sociis.net,8/25/2017,845-524-9605,1/6/1956,F,1956
8458,8,Stacy,Carly@eros.us,5/30/2018,896-091-3730,9/25/1959,F,1959
8459,8,Iona,Ruth@blandit.com,4/23/2018,992-827-5588,10/18/1998,F,1998
8460,8,Wyoming,Malachi@Nullam.net,10/4/2017,503-595-8973,4/18/1993,N,1993
8461,8,Prescott,Shellie@non.us,7/10/2018,365-382-1803,10/9/1955,M,1955
8462,8,Lars,Mikayla@accumsan.net,4/11/2018,071-422-0420,3/30/1957,M,1957
8463,8,Madison,Azalia@Nullam.net,4/9/2018,564-519-9640,4/22/1981,F,1981
8464,8,Wesley,Cally@porttitor.edu,5/9/2018,396-958-3339,9/5/1953,M,1953
8465,8,Julian,Wynne@eget.gov,1/15/2019,294-632-8918,7/4/1990,N,1990
8466,8,Kylie,Zoe@eget.edu,1/23/2019,660-166-4830,8/21/1951,F,1951
8467,8,Zachary,Angelica@lacinia.gov,5/8/2017,192-810-5724,3/1/1961,M,1961
8468,8,Medge,Stephanie@cubilia.edu,11/9/2018,679-151-4271,9/9/1972,F,1972
8469,8,Baxter,Kim@volutpat.edu,1/7/2017,996-997-7313,8/31/1968,M,1968
8470,8,Lana,Aileen@posuere.edu,5/30/2017,364-419-7244,6/9/1977,F,1977
8471,8,Alfreda,Iona@mauris.org,5/27/2017,873-029-6364,7/13/1993,N,1993
8472,8,Lars,Paula@Curae.edu,8/15/2017,102-491-2639,12/8/1973,M,1973
8473,8,Oprah,Jonas@nibh.org,5/8/2017,360-223-4566,1/7/1970,F,1970
8474,8,Ingrid,Emery@tempor.org,1/29/2018,283-542-2748,8/11/1960,F,1960
8475,8,Wilma,Avye@faucibus.net,10/28/2017,889-003-1774,3/26/1973,F,1973
8476,8,Malachi,Ora@scelerisque.edu,12/10/2018,995-456-2002,1/13/1954,M,1954
8477,8,Hilel,Bruno@orci.org,6/17/2017,559-061-4751,9/13/1981,M,1981
8478,8,Shea,Jorden@suscipit.edu,7/30/2017,879-174-5890,10/14/1971,F,1971
8479,8,Emma,Ivory@interdum.edu,12/29/2017,125-641-7147,3/22/1990,F,1990
8480,8,Zahir,Cedric@justo.edu,12/11/2018,644-912-9260,6/13/1981,M,1981
8481,8,Shafira,Zelenia@semper.net,3/22/2019,324-878-2323,5/22/1997,N,1997
8482,8,Faith,Quin@netus.gov,3/13/2019,487-026-2881,7/21/1964,F,1964
8483,8,Samuel,Oliver@libero.net,1/3/2017,871-571-3263,5/12/1957,M,1957
8484,8,Jaime,Kane@ultricies.edu,3/29/2018,640-465-0742,10/18/2000,N,2000
8485,8,Priscilla,Kelsie@mus.edu,4/16/2018,514-823-4272,9/6/1960,F,1960
8486,8,Isabelle,Leah@Curabitur.net,5/5/2018,118-737-6303,4/26/2000,N,2000
8487,8,Lewis,Minerva@consectetuer.us,12/27/2017,957-767-9504,1/4/1970,M,1970
8488,8,Hilda,Avye@magnis.net,3/1/2019,565-619-5744,10/2/1953,F,1953
8489,8,Lacey,Helen@sapien.com,11/11/2017,879-536-3582,3/1/1954,F,1954
8490,8,Gisela,Ursula@orci.com,8/18/2017,371-955-8530,8/1/1998,F,1998
8491,8,Jennifer,Amber@Praesent.org,5/15/2017,424-686-1010,9/1/1957,F,1957
8492,8,Igor,Susan@velit.com,12/31/2017,969-847-8046,2/22/1996,M,1996
8493,8,Beau,Raya@felis.gov,2/27/2017,119-502-3712,3/22/1991,M,1991
8494,8,Adena,Deirdre@magna.us,10/4/2018,616-982-4040,8/23/1998,F,1998
8495,8,Avram,Tatiana@orci.com,1/4/2017,363-820-0484,4/12/1952,M,1952
8496,8,Leilani,Skyler@inceptos.gov,12/18/2017,643-243-9536,9/9/1977,F,1977
8497,8,Rae,Kylie@facilisi.org,1/6/2017,081-440-6679,12/10/1977,F,1977
8498,8,April,Daniel@placerat.us,1/20/2019,705-545-5246,12/7/2000,N,2000
8499,8,Clementine,Dieter@ac.us,11/9/2017,297-550-7776,6/4/1996,F,1996
8500,8,Linda,Dillon@pretium.gov,8/21/2017,255-202-7435,3/1/1990,N,1990
8501,8,Moana,Herrod@ultrices.gov,7/6/2018,241-906-4009,8/27/1966,F,1966
